,restaurant_name,restaurant_url,place_id,price_level,restaurant_rating,address
0,Popeyes Louisiana Kitchen,"<a href=""https://maps.google.com/maps/contrib/107071144048550603065"">Popeyes Louisiana Kitchen</a>",ChIJ3dh_VfcKw4kR3lrLsxKB7tY,1,3.7,"Rockaway Townsquare Mall-301 Mt Hope Road - Suite 2109, Rockaway"
1,Buffalo Wild Wings,"<a href=""https://maps.google.com/maps/contrib/101656461061184614382"">Douglas C. Hill</a>",ChIJAYlPufkKw4kRr7-IhJCnC3Y,2,4.2,"343 Mount Hope Avenue, Rockaway"
2,Auntie Anne's,"<a href=""https://maps.google.com/maps/contrib/100994225484355028095"">Vince D</a>",ChIJ3fcDtfsKw4kRsy2xOBfI0aQ,1,4.2,"301 Mount Hope Avenue Suite 1048, Rockaway"
3,Tabor Road Tavern,"<a href=""https://maps.google.com/maps/contrib/106153854923810294327"">David Simmons</a>",ChIJg8StYWinw4kRMFNslu1L9xg,3,4.4,"510 Tabor Road, Morris Plains"
4,Subway,"<a href=""https://maps.google.com/maps/contrib/103967061093453033505"">Richard Rogers</a>",ChIJ6YlEVO8Jw4kR4n_aDP4NbIc,1,3.4,"559 East Main Street Store # 2, Denville"
5,Cinnamon,"<a href=""https://maps.google.com/maps/contrib/118004134882898256072"">Geny Govi</a>",ChIJ8UdTNlGnw4kRfDz6N0jepj0,2,4.2,"2920 New Jersey 10, Morris Plains"
6,The Quiet Man Pub/Restaurant,"<a href=""https://maps.google.com/maps/contrib/116019465583892203860"">The Quiet Man Pub/Restaurant</a>",ChIJoeLjXo4Kw4kR8tGS2GzB-Ok,2,4.7,"64 East McFarlan Street, Dover"
7,Starbucks,"<a href=""https://maps.google.com/maps/contrib/104498365451811373659"">Hemidell L</a>",ChIJ7_RdwKmgw4kRgl8rjDMyWTs,2,4.2,"3056 New Jersey 10 West, Denville"
8,Casa Bella,"<a href=""https://maps.google.com/maps/contrib/111832340128001877893"">Claus Finke</a>",ChIJl_hUu7sJw4kRR_KwUyifn_g,2,4.5,"300 U.S. 46, Denville"
9,Thatcher McGhee's Denville,"<a href=""https://maps.google.com/maps/contrib/104762272360958789131"">Chuck Mound</a>",ChIJud_J3pcJw4kRKAy-RBsmx4w,2,4.4,"53 Broadway, Denville"
10,Forte Pizzeria,"<a href=""https://maps.google.com/maps/contrib/116487545443541678116"">Sheryl Coe - Reportica</a>",ChIJfyfr8Wygw4kRA8Eu1K9a374,2,4.4,"486 New Jersey 10, Randolph"
11,Five Guys,"<a href=""https://maps.google.com/maps/contrib/114596149210606051481"">Laurie Birch</a>",ChIJrzqlvqmgw4kRelXk-B9n9Ig,2,4.3,"3056 Route 10 West, Suite C-1, Denville"
12,Sogo Hibachi Grill,"<a href=""https://maps.google.com/maps/contrib/110332593360101299269"">Sogo Hibachi Grill</a>",ChIJrSeQf7wJw4kRSy7PUaJ9Qd0,2,4.3,"2730 248, U.S. 46, Denville"
13,Subway,"<a href=""https://maps.google.com/maps/contrib/105449837616595260640"">jay l</a>",ChIJAwMm4-UKw4kRlqC_dCxPzUI,1,2,"220 Enterprise Drive, Rockaway"
14,China Pavilion,"<a href=""https://maps.google.com/maps/contrib/105008531036515169286"">David TMann</a>",ChIJAQCyLZUJw4kR2QeEt7frt3A,,4.1,"276 East Main Street, Denville"
15,Veggie Heaven,"<a href=""https://maps.google.com/maps/contrib/108094322638021584405"">Daoliang Yang</a>",ChIJRXUIcb0Jw4kR9ltuQgxqTEQ,2,4.6,"57 Bloomfield Avenue, Denville"
16,Classic Cafe Management Inc,,ChIJkS2SUzEIw4kRPflvgep04Fg,,3,"400 Interpace Parkway, Parsippany"
17,Rockaway River Barn,"<a href=""https://maps.google.com/maps/contrib/113079321762519789569"">Rockaway River Barn</a>",ChIJRadYb9YLw4kRDVJSResF4bE,2,4.2,"11 Green Pond Road, Rockaway"
18,Hunan Taste Chinese Restaurant,"<a href=""https://maps.google.com/maps/contrib/111840993369993691788"">J D</a>",ChIJx82fbb0Jw4kR5ynQTN4hLiw,2,4.6,"67 Bloomfield Avenue, Denville"
19,Subway,"<a href=""https://maps.google.com/maps/contrib/116962923538112334581"">Kevin Wong</a>",ChIJ7wqVaiMKw4kRLWX7J0gY7P8,1,4.1,"170 State Rt 46 E, Rockaway"
20,Anthony & Sons Bakery,"<a href=""https://maps.google.com/maps/contrib/103713470807595117707"">armando chikochis Morales marcos</a>",ChIJPfuOwMAJw4kR34FzmKPrFKg,2,4.5,"20 Luger Road, Denville"
21,Panera Bread,"<a href=""https://maps.google.com/maps/contrib/111576443241652013181"">Cindy Finkelstein</a>",ChIJrzqlvqmgw4kRJONEQPX4yjg,2,4.2,"3056 New Jersey 10 Suite S1, Denville"
22,Caffè NaVona,"<a href=""https://maps.google.com/maps/contrib/102363070745070538090"">Elina Vassitska</a>",ChIJ81_VeiQKw4kRW9sSH2ODSXw,3,4.7,"147 U.S. 46, Rockaway"
23,Chipotle Mexican Grill,"<a href=""https://maps.google.com/maps/contrib/108050226750304510254"">Triple</a>",ChIJ3dh_VfcKw4kRTG-r5N2iGQ8,1,4.1,"301 Mount Hope Avenue Ste 2067A, Rockaway"
24,Hibernia Diner Restaurant,"<a href=""https://maps.google.com/maps/contrib/115428281413701589342"">Siobhan Hopkins</a>",ChIJBbQd1tULw4kRbYO2A42KiTc,2,4.3,"9 Green Pond Road, Rockaway"
25,Subway,"<a href=""https://maps.google.com/maps/contrib/100154979946038924719"">Ebony Hicks</a>",ChIJDX72ShOgw4kRLPA4fYT9Wjs,1,3.9,"148 Center Grove Road, Randolph"
26,Verde Ristorante,"<a href=""https://maps.google.com/maps/contrib/110378247842092002102"">Verde Ristorante</a>",ChIJmV1dON8Jw4kRM2Qaat3XdIo,2,4.5,"1012 Tabor Road, Morris Plains"
27,Red Robin Gourmet Burgers and Brews,"<a href=""https://maps.google.com/maps/contrib/109960656201637007822"">Red Robin Gourmet Burgers and Brews</a>",ChIJX3006bELw4kRoPPi-Z4B_oI,2,3.8,"301 Mount Hope Avenue, Rockaway"
28,Mario's Famous Pizza,"<a href=""https://maps.google.com/maps/contrib/109082082993622477477"">Mario&#39;s Famous Pizza</a>",ChIJyeZbFnkKw4kRUfWSx_dfYZA,1,4,"140 Rte 10 West, Randolph"
29,La Cucina,"<a href=""https://maps.google.com/maps/contrib/112745685721487271931"">La Cucina</a>",ChIJ462p2QcJw4kR1rdphFaxtRU,2,4.5,"278 Diamond Spring Road, Denville"
30,Cafe metro,"<a href=""https://maps.google.com/maps/contrib/112341027824958779107"">Simone Stephens</a>",ChIJc1toB5gJw4kR-vLeqQHafMU,2,4.4,"Diamond Spring Road, Denville"
31,Thai Nam Phet,"<a href=""https://maps.google.com/maps/contrib/102983877724410415679"">Darpan Dodiya</a>",ChIJWcd-qWoKw4kRBNEedwXy9V8,2,4.5,"296 U.S. 46 A, Rockaway"
32,Randolph Diner,"<a href=""https://maps.google.com/maps/contrib/104827520803509410241"">Richard Tracy</a>",ChIJH7kOUxOgw4kRDM_So1R6RU0,2,4.2,"517 New Jersey 10 E, Randolph"
33,Townsquare Diner,"<a href=""https://maps.google.com/maps/contrib/114912659487914898067"">Townsquare Diner</a>",ChIJYaVpPegKw4kRWSoEMZaNh3o,2,4.2,"320 New Jersey 15, Wharton"
34,Cafe Fiori,"<a href=""https://maps.google.com/maps/contrib/111576443241652013181"">Cindy Finkelstein</a>",ChIJI6a-Y2ygw4kRV1aARXv7hyk,2,4.5,"477 New Jersey 10 STE 15, Randolph"
35,Alexis Diner,"<a href=""https://maps.google.com/maps/contrib/114372352737817569986"">Alexis Diner</a>",ChIJgUn7gQkKw4kRkgjfMf2-5P0,1,4.3,"3130 New Jersey 10, Denville"
36,The Exchange,"<a href=""https://maps.google.com/maps/contrib/102431419580367446457"">Mark Lewis</a>",ChIJlXbSWi8Kw4kRpgp5a3x-uwo,2,4.2,"160 East Main Street, Rockaway"
37,Paul's Family Diner,"<a href=""https://maps.google.com/maps/contrib/100569516963978965453"">Paul&#39;s Family Diner</a>",ChIJZ4PMHrcJw4kROK2IDK_cIZ0,1,4.3,"320 U.S. 46, Mountain Lakes"
38,Charlotte's Web Inn,"<a href=""https://maps.google.com/maps/contrib/107033172854959167022"">Charlotte&#39;s Web Inn</a>",ChIJ3_iX-JAKw4kRavc3Gc7FeMI,2,4.5,"39 West Clinton Street, Dover"
39,Olive Garden Italian Restaurant,"<a href=""https://maps.google.com/maps/contrib/100582905985486485083"">Enjay Jay</a>",ChIJjYV07LELw4kRg_AX_A7TudE,2,4.2,"323 Mount Hope Avenue, Rockaway"
40,Starbucks,"<a href=""https://maps.google.com/maps/contrib/108467965901438575136"">Micho MarinOff</a>",ChIJld3shJcJw4kRwRi8GvLZSdY,2,4.3,"2-28 West Main Street, Denville"
41,il Michelangelo Italian Restaurant,"<a href=""https://maps.google.com/maps/contrib/100634474191394482503"">il Michelangelo Italian Restaurant</a>",ChIJS_FnhJIIw4kRXcWtOckCqyM,3,4.7,"91 Elcock Avenue, Boonton"
42,Grato,"<a href=""https://maps.google.com/maps/contrib/118366365365337161102"">TC Brown</a>",ChIJ7Zi6rUKnw4kRXEH5585vx4Q,2,4.3,"2230 New Jersey 10, Morris Plains"
43,Pollos Pucalor,"<a href=""https://maps.google.com/maps/contrib/103593530534833370805"">christy webster</a>",ChIJYYRBaY8Kw4kRekzhakdcbsY,1,4.4,"85 East Blackwell Street, Dover"
44,Classic Cafe Management,,ChIJZRdjDXinw4kRPoaexNCO7zg,,3.3,"6 Century Drive, Parsippany"
45,Dunkin',"<a href=""https://maps.google.com/maps/contrib/109411211157623486406"">Pasquale Salerno</a>",ChIJfTQHbZoJw4kRGAjKjoVFuA0,1,4.3,"125 Rte 46 E, Denville"
46,Bagel Bistro,"<a href=""https://maps.google.com/maps/contrib/114560559046495419153"">Bagel Bistro</a>",ChIJy6tR13UKw4kR_wxqIMbOrLY,,4.3,"81 New Jersey 10, Randolph"
47,China Garden,"<a href=""https://maps.google.com/maps/contrib/114809229038311708594"">Eric Zeman</a>",ChIJOZ0kCTsKw4kRLFjQfZJM2nc,1,3.2,"179 U.S. 46, Rockaway"
48,Gencarelli Restaurant & Pizza,"<a href=""https://maps.google.com/maps/contrib/110556881485378654523"">Gencarelli Restaurant &amp; Pizza</a>",ChIJ3x1rTDAKw4kR-BnF-xZSurY,,4,"25 West Main Street, Rockaway"
49,Master Wok,"<a href=""https://maps.google.com/maps/contrib/103771773650654222661"">SANITATION SQUAD</a>",ChIJU6tEnfsKw4kR1Au_pHRnPmA,2,3.9,"301 Mount Hope Ave Ste 2108, Rockaway"
50,Number 1 Restaurant,"<a href=""https://maps.google.com/maps/contrib/112409488930876827457"">Mark Johnson</a>",ChIJ3x1rTDAKw4kRzNjcZA2zXdg,,3.7,"25 West Main Street, Rockaway"
51,Frito-Lay Inc,"<a href=""https://maps.google.com/maps/contrib/100947931881569943753"">Reyna Rollins</a>",ChIJZweg45QKw4kR9rfAVGypZIA,1,5,"246 West Clinton Street, Dover"
52,Barry's Luncheonette,"<a href=""https://maps.google.com/maps/contrib/116962923538112334581"">Kevin Wong</a>",ChIJ3dQBmZoKw4kRnHdl6zn193k,1,4.5,"3 North Warren Street, Dover"
53,Tequila's 55,"<a href=""https://maps.google.com/maps/contrib/109930967016036123604"">luis navarro</a>",ChIJGV-ogo8Kw4kR74N-bDMtKJk,,4.7,"55 East Blackwell Street, Dover"
54,Denville Dog & Grill,"<a href=""https://maps.google.com/maps/contrib/101835219237953135000"">Denville Dog &amp; Grill</a>",ChIJQW1J_bwJw4kRYBHL97El9lA,1,4.5,"99 Bloomfield Avenue, Denville"
55,Pan Pizza,"<a href=""https://maps.google.com/maps/contrib/116962923538112334581"">Kevin Wong</a>",ChIJ5zK1GZAKw4kR64ji3a0Wweo,,4.6,"44 North Sussex Street, Dover"
56,Potbelly's Riverside Cafe,"<a href=""https://maps.google.com/maps/contrib/103700390414395027092"">Karen Gifford</a>",ChIJp2EnLS4Kw4kRcgLwVQBzMT0,2,4.3,"26 East Main Street, Rockaway"
57,Missy's Main Street Cafe,"<a href=""https://maps.google.com/maps/contrib/105858094856957491529"">Missy&#39;s Main Street Cafe</a>",ChIJo1mrVS8Kw4kRPJwSVjwJQCg,1,4.8,"181 East Main Street, Rockaway"
58,Riviera Maya Mexican Restaurant,"<a href=""https://maps.google.com/maps/contrib/108594336272855965024"">Riviera Maya Mexican Restaurant</a>",ChIJZVrfOiQKw4kRI2Yhs34O94I,2,4.4,"116 U.S. 46, Rockaway"
59,RJ's Pizzeria,"<a href=""https://maps.google.com/maps/contrib/101229380332060572764"">Lauren Ann</a>",ChIJPyAaPCMKw4kRCQAu6-85GfE,,4.5,"4046, 179 U.S. 46, Rockaway"
60,Long Valley Pub & Brewery at Restaurant Village,"<a href=""https://maps.google.com/maps/contrib/105884604571532538677"">Long Valley Pub &amp; Brewery at Restaurant Village</a>",ChIJkZQvLtWaw4kRADo6a3wVVVY,2,4,"1 Fairmount Road, Long Valley"
61,Sammy's Ye Old Cider Mill,"<a href=""https://maps.google.com/maps/contrib/115990118837031143105"">jeff kovatch</a>",ChIJM-vNU_yYw4kR3ZJ8kQ7Ihpg,3,4.3,"353 Mendham Road West, Mendham"
62,Starbucks,"<a href=""https://maps.google.com/maps/contrib/117249693887732157718"">Leah Lefkowitz</a>",ChIJg6qwitGbw4kR4O1qTbAkZeI,2,4.2,"450 U.S. 206, Chester"
63,Gladstone Tavern,"<a href=""https://maps.google.com/maps/contrib/113377675311091873763"">Alex Weller</a>",ChIJLzYLyFyXw4kR0Uj5PeeDHok,2,4.4,"273 Main Street, Gladstone"
64,Benito's Trattoria,"<a href=""https://maps.google.com/maps/contrib/105476154145578133641"">Caroline Harris</a>",ChIJ0yqzd9Cbw4kRCutC02UtXe4,2,4.4,"44 Main Street, Chester"
65,Bagel Cafe,"<a href=""https://maps.google.com/maps/contrib/115022005681168519260"">Drew Buzz</a>",ChIJ54W-ItKbw4kRkvThjun2lGI,,4.6,"2424 233, U.S. 206, Chester"
66,The Pizza Pub,"<a href=""https://maps.google.com/maps/contrib/113789330041902459464"">Ricardo Nazario</a>",ChIJIfvp2zyfw4kRhD_XIS8m3gA,2,4.5,"395 Dover Chester Road, Ironia"
67,The After Char-Broil Grill & Ice Cream,"<a href=""https://maps.google.com/maps/contrib/111335959090532759757"">The After Char-Broil Grill &amp; Ice Cream</a>",ChIJBQz3ojGcw4kRVedVn97dfDY,1,4.4,"195 U.S. 206, Flanders"
68,Redwoods Grill & Bar,"<a href=""https://maps.google.com/maps/contrib/108661738028823609554"">Jarline Rosario</a>",ChIJ6egoMc-bw4kRkuYVjARaPd0,2,4.4,"459 Main Street, Chester"
69,Dunkin',"<a href=""https://maps.google.com/maps/contrib/118311074009200760027"">HJB Productions</a>",ChIJP2VGcSaaw4kRgGcLCeo1LFo,1,4.3,"112 Rte 206 South, Chester"
70,Dean's Natural Food Market,"<a href=""https://maps.google.com/maps/contrib/109915221475618678510"">Dean&#39;s Natural Food Market</a>",ChIJ631t9c2bw4kRjW8WFvgrG0E,,4.4,"270 U.S. 206, Chester"
71,Thai Kitchen,"<a href=""https://maps.google.com/maps/contrib/109379483193886472148"">Thai Kitchen</a>",ChIJ__ykeNKbw4kRHnhjWxhzCY8,2,4.6,"320 U.S. 206, Chester"
72,Mini Mac Diner,"<a href=""https://maps.google.com/maps/contrib/105673011875169663001"">Neil Maruca</a>",ChIJ2-BtkpSbw4kRP_c0GxW9qBc,1,4.7,"158 U.S. 206, Chester"
73,Vale Pizza,"<a href=""https://maps.google.com/maps/contrib/113080120819359843142"">alfredo amarilla</a>",ChIJK0qQ8teaw4kRsKW-ODZ90IY,,4.2,"67 E. Mill Rd, Plaza, Long Valley"
74,Dunkin',"<a href=""https://maps.google.com/maps/contrib/115052982833521677269"">Bishoy Sidhom</a>",ChIJc9bMZhOcw4kRpF2jWtWqX8w,1,3.9,"295 US Highway 206, Flanders"
75,Istanbul Cuisine,"<a href=""https://maps.google.com/maps/contrib/104827520803509410241"">Richard Tracy</a>",ChIJu8CnsxScw4kRV9CvEKSIqY0,2,4.3,"286 U.S. 206, Flanders"
76,Rita's Italian Ice & Frozen Custard,"<a href=""https://maps.google.com/maps/contrib/102952986616282217580"">Stephen Schneider</a>",ChIJAQBQtBScw4kRHkwTy4pWL50,1,,"286 US Highway 206, Flanders"
77,"Black Oak Golf Club, LLC","<a href=""https://maps.google.com/maps/contrib/115886190249473426446"">Black Oak Golf Club, LLC</a>",ChIJJ_ag8Aybw4kRET57Am1rdz8,,4.7,"169 Bartley Road, Long Valley"
78,Wasabi Japanese Restaurant,"<a href=""https://maps.google.com/maps/contrib/109872732044574728356"">Alex Fadeev</a>",ChIJk8PlLT-cw4kR8aJNf4DG6kI,2,4.4,"240 U.S. 206 #8, Flanders"
79,Roman Pizza,"<a href=""https://maps.google.com/maps/contrib/104762272360958789131"">Chuck Mound</a>",ChIJa9AMWM6bw4kRnHKQLtqHYu8,,4.4,"81 Main Street, Chester"
80,Aztec Authentic Mexican Restaurant,"<a href=""https://maps.google.com/maps/contrib/115065479048430032908"">Aztec Authentic Mexican Restaurant</a>",ChIJ98rLgtqbw4kRLgxx-F7qL9s,,4.2,"35 Perry Street, Chester"
81,Pulled Fork BBQ,"<a href=""https://maps.google.com/maps/contrib/108083224140090115309"">Mike Meredith</a>",ChIJb0duuHoHxIkRp3YfvE8JzNU,,4.5,"38 East Mill Road, Long Valley"
82,Chester Diner,"<a href=""https://maps.google.com/maps/contrib/110979012637951350553"">Alyssa Haywoode</a>",ChIJPd-95tGbw4kRBiXO4eZMmig,1,4.1,"65 U.S. 206, Chester"
83,Bill's Luncheonette,"<a href=""https://maps.google.com/maps/contrib/110498938233204946619"">Joe Munoz- adspinmedia</a>",ChIJn-CxLyOfw4kRFN0zhsK8QdY,1,4.7,"455 North Road, Chester Township"
84,Marilyn's Cafe,"<a href=""https://maps.google.com/maps/contrib/109334433461425814387"">Charlie Batilo</a>",ChIJqyi3zc-bw4kROsUU0NRx9pg,,4.5,"21 West Main Street, Chester"
85,Red Lantern Sushi & Asian Kitchen,"<a href=""https://maps.google.com/maps/contrib/104780746699915817320"">yu chen</a>",ChIJoy780tSaw4kRTc6Pjx6q-Rs,,4.4,"9 West Mill Road, Long Valley"
86,Jeffrey Brooks Interior Design,"<a href=""https://maps.google.com/maps/contrib/107054059824668415587"">Jeffrey Brooks Interior Design</a>",ChIJV0gX-dSEw4kR4AyetS31O98,,,"54 Schooleys Mountain Road, Long Valley"
87,Lucky Chinese Restaurant,"<a href=""https://maps.google.com/maps/contrib/104762272360958789131"">Chuck Mound</a>",ChIJjcPlLT-cw4kRhOH4BWUxQzo,,4,"240 U.S. 206, Flanders"
88,Sally Lunn's Restaurant & Tearoom,"<a href=""https://maps.google.com/maps/contrib/106222520516317843469"">Leslie. Puccini</a>",ChIJU3JcbtCbw4kRNinVjnudxUY,2,4.5,"15 Perry Street, Chester"
89,Lamplighter Restaurant & Pub,"<a href=""https://maps.google.com/maps/contrib/107391645522107607747"">Linda Karas</a>",ChIJQyftM8Kbw4kRe-usMGDvlc4,2,4.1,"190 West Main Street, Chester"
90,Taste of India,"<a href=""https://maps.google.com/maps/contrib/118183891536493523214"">John Doherty</a>",ChIJb8MXsxScw4kR2yKKCyy9Tdk,2,4.5,"286 U.S. 206, Flanders"
91,Old Mill Tavern,"<a href=""https://maps.google.com/maps/contrib/110218988334211687481"">Georg VanderGoot</a>",ChIJidSqwbKbw4kRsovAn8Q1WBM,2,4.4,"55 Route 24, Chester"
92,Frank's Pizza,"<a href=""https://maps.google.com/maps/contrib/104762272360958789131"">Chuck Mound</a>",ChIJjcPlLT-cw4kRsoJK7NYLaL0,1,4.3,"240 U.S. 206, Flanders"
93,China House,"<a href=""https://maps.google.com/maps/contrib/111097198030427787578"">China House</a>",ChIJhyVcVBOcw4kRdHWIiajjGHw,2,4.3,"286 U.S. 206 #107b, Flanders"
94,McDonald's,"<a href=""https://maps.google.com/maps/contrib/105413670763736732935"">McDonald&#39;s</a>",ChIJWd-JXxOcw4kRqtxMd1h-oLI,1,3.7,"293 Rt 206, Flanders"
95,Subway,"<a href=""https://maps.google.com/maps/contrib/114174147654965717068"">john rawls</a>",ChIJjU--nhScw4kRssNtw-ZMf4w,1,3.4,"293 Rt 206 S, Flanders"
96,Wendy's,"<a href=""https://maps.google.com/maps/contrib/109955059215971823725"">Kyle Scheffler</a>",ChIJCUO01dGbw4kRe1ZhXbq-1Ec,1,4.1,"35 U.S. Hwy 206 S, Chester"
97,Giuseppe's Trattoria,"<a href=""https://maps.google.com/maps/contrib/104762272360958789131"">Chuck Mound</a>",ChIJTd_tHtKbw4kRtgKp7b4ss3E,,4.2,"191 U.S. 206, Chester"
98,Valley Restaurant,"<a href=""https://maps.google.com/maps/contrib/115398660507776188991"">Jay Cazes</a>",ChIJfcniM9aaw4kReh5giC90SQw,1,4.5,"59 East Mill Road #208, Long Valley"
99,Pezzo Pizza 2,"<a href=""https://maps.google.com/maps/contrib/108891255819387734112"">Pezzo Pizza 2</a>",ChIJc1Ro1Neaw4kR53VJH3x3vGc,1,4.5,"62 East Mill Road, Long Valley"
100,New York Pizza and Italian Restaurant,"<a href=""https://maps.google.com/maps/contrib/104762272360958789131"">Chuck Mound</a>",ChIJpc7jmtqbw4kRrbRRNUF_U2A,2,4.6,"57 Main Street # 2, Chester"
101,Fresco Mexican,"<a href=""https://maps.google.com/maps/contrib/113276607089445156823"">Fresco Mexican</a>",ChIJK-D0ONqbw4kRTMBoGG67i1k,2,4.4,"137 Main Street, Chester"
102,Asian Gourmet,"<a href=""https://maps.google.com/maps/contrib/107322956442617491701"">Paul Prata</a>",ChIJK0qQ8teaw4kR4s7gKASsEIs,,4,"67 East Mill Road, Long Valley"
103,Valentino's Pizzeria & Restaurant,"<a href=""https://maps.google.com/maps/contrib/104762272360958789131"">Chuck Mound</a>",ChIJWd-JXxOcw4kRGw2eSNE5EuA,1,4.2,"293 U.S. 206 #8, Flanders"
104,Dunkin',"<a href=""https://maps.google.com/maps/contrib/108136141921483481880"">Dunkin&#39;</a>",ChIJT-BJxdeaw4kRwNbi0aYn08k,1,4.6,"62 East Mill Road, Long Valley"
105,Domo 7 Japanese Restaurant,"<a href=""https://maps.google.com/maps/contrib/100667381196864844614"">Domo 7 Japanese Restaurant</a>",ChIJBRzzHtKbw4kR-j21IT2J3zU,,4.3,"189 U.S. 206, Chester"
106,Sub Pub,"<a href=""https://maps.google.com/maps/contrib/109813982974605139886"">Andrew Shaw</a>",ChIJ70jmZtCbw4kRZWRS4RV1sOM,1,4.6,"127 Main Street, Chester"
107,QuickChek,"<a href=""https://maps.google.com/maps/contrib/101424187575777915519"">Tom Moloughney</a>",ChIJXy8l7ZObw4kR5wHGDRF71pc,,3.6,"150 U.S. 206, Chester Township"
108,Ho Ho Kitchen,"<a href=""https://maps.google.com/maps/contrib/118102839757760711672"">Mark Ablu</a>",ChIJPZ9LIdCbw4kRChiQ3TlPWdY,,4.3,"44 Maple Avenue, Chester"
109,Hot Bagels abroad,"<a href=""https://maps.google.com/maps/contrib/102267590676348146150"">Mohy Sabry</a>",ChIJjcPlLT-cw4kRq0qH9GQW5Yw,1,4,"240 U.S. 206, Flanders"
110,Bella's,"<a href=""https://maps.google.com/maps/contrib/104762272360958789131"">Chuck Mound</a>",ChIJg0VNctCbw4kRWDCT7ahRan4,1,4.4,"30 Main Street, Chester"
111,Pren Kitchen,"<a href=""https://maps.google.com/maps/contrib/110123664519669208541"">Erica Erath</a>",ChIJ6-RP2Qibw4kRcxRFf6563HE,,4.7,"52 West Main Street, Chester"
112,Chester,,ChIJJ9M8tGebw4kRysQ_vqnDi74,,,"17 Main Street, Chester"
113,Panera Bread,"<a href=""https://maps.google.com/maps/contrib/104462415419259929671"">Panera Bread</a>",ChIJR5iiD6Wbw4kRxTQ78DfDZtA,2,3.9,"141 US Highway 206 S, Chester"
114,Playa Bowls,"<a href=""https://maps.google.com/maps/contrib/106810967911914996982"">Matthew Thomas</a>",ChIJ1X7Sozybw4kRnHKM4lijZbM,2,4.6,"230 Rt 206 N, Chester"
115,Jersey Mike's Subs,"<a href=""https://maps.google.com/maps/contrib/116418210325167853557"">Jersey Mike&#39;s Subs</a>",ChIJbbXmBVObw4kRgaiMG8anKyc,1,4.2,"390 Us Highway 206, Chester"
116,White Birch,"<a href=""https://maps.google.com/maps/contrib/114528753019294936113"">Peter Basto</a>",ChIJAQAAAEScw4kRtfqGWjnNcTc,,4.6,"380 US Highway 206, Flanders"
117,Golden Burrito Mexican Spot,"<a href=""https://maps.google.com/maps/contrib/105451291655030351901"">Canine Partnership Dog Training Lisa Pattison</a>",ChIJs0qbVmucw4kR58U5nhsQAeQ,,4.1,"286 Route 206 South, Flanders"
118,Bento Sushi,"<a href=""https://maps.google.com/maps/contrib/118201371723503767207"">Bento Sushi</a>",ChIJK-gAgp-dw4kRAzCIPVSG-L0,,2.5,"90 Bartley Flanders Road, Flanders"
119,The Market Tavern,"<a href=""https://maps.google.com/maps/contrib/108637430331543843474"">The Market Tavern</a>",ChIJH4WEPD-cw4kRyKFXIyHsQUc,2,4.2,"240 U.S. 206 #1, Flanders"
120,"The Madison Hotel Morristown, NJ","<a href=""https://maps.google.com/maps/contrib/112462195515654225878"">The Madison Hotel Morristown, NJ</a>",ChIJHftI9talw4kRmWCxey2gEQk,,4.4,"1 Convent Road, Morristown"
121,Grasshopper off the Green,"<a href=""https://maps.google.com/maps/contrib/100838941794688715219"">Grasshopper off the Green</a>",ChIJhU8Gqb2mw4kRlkMW6Mc5fo8,2,4.3,"41-43 Morris Street, Morristown"
122,Rod's Steak & Seafood Grille,"<a href=""https://maps.google.com/maps/contrib/110101555795726210920"">Rod&#39;s Steak &amp; Seafood Grille</a>",ChIJHftI9talw4kRrc8OXSci0MY,3,4.4,"1 Convent Road, Morristown"
123,Ruth's Chris Steak House,"<a href=""https://maps.google.com/maps/contrib/109111913583755911247"">Ruth&#39;s Chris Steak House</a>",ChIJ-f7dKHWnw4kRBLwq32AdLu8,4,4.4,"1 Hilton Court, Parsippany-Troy Hills"
124,The Famished Frog,"<a href=""https://maps.google.com/maps/contrib/110191806074871414048"">The Famished Frog</a>",ChIJlz_gbrumw4kRFcYTYBxz_8s,2,4.2,"18 Washington Street, Morristown"
125,Tabor Road Tavern,"<a href=""https://maps.google.com/maps/contrib/106153854923810294327"">David Simmons</a>",ChIJg8StYWinw4kRMFNslu1L9xg,3,4.4,"510 Tabor Road, Morris Plains"
126,Mehndi,"<a href=""https://maps.google.com/maps/contrib/100162535167105012522"">Pradeep Varadan</a>",ChIJu_SHnLymw4kRq6CKadh6KzE,3,4.1,"3 Speedwell Avenue, Morristown"
127,Allie's American Grille,,ChIJ65KvIaGnw4kRt7JDBW9mOEY,,4.5,"1401 New Jersey 10, Whippany"
128,Arthur's Tavern,"<a href=""https://maps.google.com/maps/contrib/107565469744782651701"">Court Bro</a>",ChIJLYzYcCGnw4kRBVJEECwKSTY,2,4.5,"700 Speedwell Avenue, Morris Plains"
129,Ming II Restaurant,"<a href=""https://maps.google.com/maps/contrib/112136955805525933854"">Exportcity Group</a>",ChIJe5ajBLymw4kRnylC-ePCnek,2,4.2,"3 Speedwell Avenue, Morristown"
130,SM23,"<a href=""https://maps.google.com/maps/contrib/106618944461717947479"">SM23</a>",ChIJe5ajBLymw4kRefpKO4iLTWw,,4.5,"3 Speedwell Avenue, Morristown"
131,Blue Morel Restaurant and Wine Bar,"<a href=""https://maps.google.com/maps/contrib/114110572623600347091"">Blue Morel Restaurant and Wine Bar</a>",ChIJSdYqc4ymw4kRAQ_BSxCY5hs,3,4.3,"2 Whippany Road, Morristown"
132,George & Martha's American Grille,"<a href=""https://maps.google.com/maps/contrib/104915103059335190056"">Jim DelGiudice</a>",ChIJubJboL2mw4kRcMNZZ2OuftQ,2,4.1,"67-71 Morris Street, Morristown"
133,Sushi Lounge,"<a href=""https://maps.google.com/maps/contrib/115848485770196230517"">Sushi Lounge</a>",ChIJgy1Bbrumw4kRJxxxr4fYlJ8,2,4.2,"12 Schuyler Place, Morristown"
134,Il Capriccio,"<a href=""https://maps.google.com/maps/contrib/116472713127136291017"">Rick Ciappa</a>",ChIJ5xzMLdCnw4kRFk-MyDV4stw,3,4.8,"633 New Jersey 10, Whippany"
135,Chipotle Mexican Grill,"<a href=""https://maps.google.com/maps/contrib/118254699547689617433"">Lop Yee Wong</a>",ChIJ7RPacvKlw4kRuZUwvoxCtx8,1,4.1,"6 Main Street, Madison"
136,Nikko,"<a href=""https://maps.google.com/maps/contrib/108717882739687566912"">Nikko</a>",ChIJT4Tq4senw4kRNckMkAOjrWg,2,4.5,"881 Route 10 East, Whippany"
137,Pazzo Pazzo,"<a href=""https://maps.google.com/maps/contrib/104426403437812375400"">Avery Hodge</a>",ChIJlaNpVbmmw4kRv5qm1zFI5QM,,2.9,"74 Speedwell Avenue, Morristown"
138,Cinnamon,"<a href=""https://maps.google.com/maps/contrib/118004134882898256072"">Geny Govi</a>",ChIJ8UdTNlGnw4kRfDz6N0jepj0,2,4.2,"2920 New Jersey 10, Morris Plains"
139,Roots Steakhouse,"<a href=""https://maps.google.com/maps/contrib/106953872731237085683"">Roots Steakhouse</a>",ChIJvcErY7umw4kRehfbJzWbkHk,4,4.4,"40 West Park Place, Morristown"
140,Chef Fredy's Table,"<a href=""https://maps.google.com/maps/contrib/102603400054520384029"">Fredy Umanzor</a>",ChIJIRE5rb6mw4kRaRLzo9u3qPQ,2,4.5,"78 Speedwell Avenue, Morristown"
141,Origin Thai 2,"<a href=""https://maps.google.com/maps/contrib/107806113976982408179"">Origin Thai 2</a>",ChIJVW-Clbymw4kRDT44ByxGa7I,2,4.2,"10 South Street, Morristown"
142,Gary's Wine & Marketplace,"<a href=""https://maps.google.com/maps/contrib/100662501203122907309"">Gary&#39;s Wine &amp; Marketplace</a>",ChIJP0EOavOlw4kRB2fsQCuepQE,2,4.8,"121 Main Street, Madison"
143,Tiffs Grill & Ale House,"<a href=""https://maps.google.com/maps/contrib/105913940298218658803"">Tiffs Grill &amp; Ale House</a>",ChIJ7wsYuN6mw4kR-KGd8iP3qwk,2,4.2,"231 Speedwell Avenue, Morris Plains"
144,Shanghai Jazz Restaurant & Bar,"<a href=""https://maps.google.com/maps/contrib/104705803275610678346"">Bob Ullman</a>",ChIJt7UGb_Klw4kR6Z1O5YV7ZG8,2,4.6,"24 Main Street, Madison"
145,Mintea Sushi Asian Bistro,"<a href=""https://maps.google.com/maps/contrib/104414998457340790842"">Russell Horton</a>",ChIJKzSwO6unw4kRFnzioOkQpMY,2,4.6,"99 Ridgedale Avenue, Cedar Knolls"
146,Urban Table,"<a href=""https://maps.google.com/maps/contrib/112136955805525933854"">Exportcity Group</a>",ChIJTyRvn7ymw4kRWFTDCYzTRmY,2,4.1,"40 West Park Place, Morristown"
147,L'Allegria,"<a href=""https://maps.google.com/maps/contrib/115116314771848276836"">C Hong</a>",ChIJ4UWRPPOlw4kREva2ddbIL2Y,3,4.5,"11 Prospect Street, Madison"
148,End of Elm,"<a href=""https://maps.google.com/maps/contrib/117939937904189834854"">End of Elm</a>",ChIJo1-fVZamw4kRjmEKlZstyrQ,2,4.4,"140 Morris Street, Morristown"
149,The Grand Cafe,"<a href=""https://maps.google.com/maps/contrib/107859075622187107957"">Walter HANSBERRY</a>",ChIJn6Gqdbumw4kRI3Sj3jj_gi0,,4.4,"42 Washington Street, Morristown"
150,Brookside Diner & Restaurant,"<a href=""https://maps.google.com/maps/contrib/109517507354929643010"">Brookside Diner &amp; Restaurant</a>",ChIJS-rqvM-nw4kRS7RIJZlA3qs,1,4.3,"699 New Jersey 10, Whippany"
151,Hibiscus island Grille,"<a href=""https://maps.google.com/maps/contrib/104036461915713699092"">Hibiscus island Grille</a>",ChIJ-4IAp56mw4kRAkYQGMmb9qs,2,4.2,"21 Spring Street, Morristown"
152,Classic Cafe Management,,ChIJZRdjDXinw4kRPoaexNCO7zg,,3.3,"6 Century Drive, Parsippany"
153,Olive Lucy's Kitchen Table,"<a href=""https://maps.google.com/maps/contrib/116074820943005425130"">Olive Lucy&#39;s Kitchen Table</a>",ChIJuWSmALymw4kRXtKxwoZzH8I,3,4.2,"52 Speedwell Avenue, Morristown"
154,Marie's Italian Specialties,"<a href=""https://maps.google.com/maps/contrib/100307466782082355618"">Richard Pluhar</a>",ChIJV98TTqKlw4kRd0LKyluNOkM,,4.3,"641 Shunpike Road, Chatham Township"
155,Morris Pizzeria,"<a href=""https://maps.google.com/maps/contrib/108092513357504274199"">Morris Pizzeria</a>",ChIJfZbThr2mw4kRonDrUbW6eYw,1,4.1,"161 South Street, Morristown"
156,Wendy's,"<a href=""https://maps.google.com/maps/contrib/112752157570513236062"">Fred Wiliams</a>",ChIJz-d8jHKnw4kRP2ea64bKV6o,1,4,"1860 New Jersey 10, Parsippany-Troy Hills"
157,Nicky’s Firehouse Italian Restaurant & Pizzeria,"<a href=""https://maps.google.com/maps/contrib/104981203254012317679"">Nicky’s Firehouse Italian Restaurant &amp; Pizzeria</a>",ChIJUdEMVvKlw4kRJtbuAf9CMLA,2,4.3,"15 Central Avenue, Madison"
158,Il Mondo Vecchio,"<a href=""https://maps.google.com/maps/contrib/117210037209593881999"">Il Mondo Vecchio</a>",ChIJbXFncvKlw4kR0tJ0Ut7Qtng,3,4.4,"72 Main Street #1, Madison"
159,Millie’s Old World Meatballs & Pizza,"<a href=""https://maps.google.com/maps/contrib/107613385568959986929"">Matthew D</a>",ChIJ3d-JyLymw4kRPbPoogG7oso,2,4.3,"60 South Street, Morristown"
160,Starbucks,"<a href=""https://maps.google.com/maps/contrib/104523090271824362209"">Agnel J D&#39;Cruz</a>",ChIJ8acnyLyow4kRb_wrTFHmEZM,2,4.3,"184 Columbia Turnpike, Florham Park"
161,Aikou restaurant,"<a href=""https://maps.google.com/maps/contrib/111528580034545899912"">Aikou restaurant</a>",ChIJgemOJ72mw4kRLTalGi5h0SQ,2,4.3,"54 South Street, Morristown"
162,Starbucks,"<a href=""https://maps.google.com/maps/contrib/101460022542217648967"">Tim Berberich</a>",ChIJ38MrY7umw4kRPydTSuuidmM,2,4.2,"40 West Park Place, Morristown"
163,Tashmoo Restaurant & Bar,"<a href=""https://maps.google.com/maps/contrib/101139379462818538671"">Tashmoo Restaurant &amp; Bar</a>",ChIJAWizs7ymw4kRCAPipzgUNkk,2,4.3,"8 Dehart Street, Morristown"
164,Panera Bread,"<a href=""https://maps.google.com/maps/contrib/100839168593151697608"">Jinesh Jayakumar</a>",ChIJST5lhL2mw4kRoCjAmP5Xeyg,2,4.1,"66 Morris Street, Morristown"
165,Trattoria Toscana,"<a href=""https://maps.google.com/maps/contrib/116735741977077648118"">Patrick Caustrita</a>",ChIJ_Y3KAtGnw4kRBDRdptFyIl4,2,4.5,"554 New Jersey 10, Whippany"
166,Starbucks,"<a href=""https://maps.google.com/maps/contrib/102239031222161320319"">Brian Kochera ABCDT</a>",ChIJd3hFjaKlw4kRf94x4uT6De4,2,4,"640 Shunpike Road, Chatham"
167,Panera Bread,"<a href=""https://maps.google.com/maps/contrib/106014841181853651540"">Alex Marvin</a>",ChIJfWpUQ6Oow4kRVbGGHFPtvJY,2,4,"187 Columbia Turnpike, Florham Park"
168,Dunkin',"<a href=""https://maps.google.com/maps/contrib/114432013615949266311"">Roberto 1771</a>",ChIJBSXPpr2mw4kRrFvYv8e7Th4,1,4.1,"59-61 Morris Street, Morristown"
169,The Thirsty Turtle,"<a href=""https://maps.google.com/maps/contrib/106068332779167701737"">Mickey Luongo</a>",ChIJKYiqTKOow4kR0-cwSJSSaJo,2,4.4,"186 Columbia Turnpike, Florham Park"
170,McDonald's,"<a href=""https://maps.google.com/maps/contrib/102215976289435534191"">Michael Feldman</a>",ChIJi4Q31vamw4kR5TZt40rFWB8,1,3.7,"35 Morris County Mall, Cedar Knolls"
171,Portofino's Restaurant,"<a href=""https://maps.google.com/maps/contrib/116252081314199526895"">The Critical J</a>",ChIJybfoN7emw4kRiZAsk4OUy_4,2,4.4,"29 Mills Street, Morristown"
172,Tito's Burritos & Wings Morristown,"<a href=""https://maps.google.com/maps/contrib/106602924188314038561"">Jim Mino</a>",ChIJpY5NcLumw4kRD6oIAfSFSWc,1,4.2,"26 Washington Street #1, Morristown"
173,Rocco's Tuscany Bar and Grill,"<a href=""https://maps.google.com/maps/contrib/111913664325822809833"">Rocco&#39;s Tuscany Bar and Grill</a>",ChIJY7AgO_Klw4kROqeKhjmkpyc,2,4.3,"30 Cook Avenue, Madison"
174,Domino's Pizza,"<a href=""https://maps.google.com/maps/contrib/102264215069040352896"">Domino&#39;s Pizza</a>",ChIJGx6e1bimw4kRdNTIdK8OUvg,1,3.8,"147 Speedwell Avenue, Morristown"
175,Dunkin',"<a href=""https://maps.google.com/maps/contrib/104915103059335190056"">Jim DelGiudice</a>",ChIJV98TTqKlw4kRw8iiGY1MVsE,1,4.2,"641 Shunpike Road, Chatham Township"
176,Grato,"<a href=""https://maps.google.com/maps/contrib/118366365365337161102"">TC Brown</a>",ChIJ7Zi6rUKnw4kRXEH5585vx4Q,2,4.3,"2230 New Jersey 10, Morris Plains"
177,Lin's Palace,"<a href=""https://maps.google.com/maps/contrib/106973784674397025575"">Key L</a>",ChIJmSIIBrymw4kRGJDkEW6WU-M,2,4.2,"40 Speedwell Avenue, Morristown"
178,Verde Ristorante,"<a href=""https://maps.google.com/maps/contrib/110378247842092002102"">Verde Ristorante</a>",ChIJmV1dON8Jw4kRM2Qaat3XdIo,2,4.5,"1012 Tabor Road, Morris Plains"
179,Molly Malone's,"<a href=""https://maps.google.com/maps/contrib/104414998457340790842"">Russell Horton</a>",ChIJiz9JFtanw4kRIC5eMvyZSOc,2,4.2,"352 New Jersey 10, Whippany"
180,Bonefish Grill,"<a href=""https://maps.google.com/maps/contrib/104915103059335190056"">Jim DelGiudice</a>",ChIJFxC6emkHw4kRpBJmGqzTVU4,2,4.3,"28 U.S. 46, Pine Brook"
181,Ruth's Chris Steak House,"<a href=""https://maps.google.com/maps/contrib/109111913583755911247"">Ruth&#39;s Chris Steak House</a>",ChIJ-f7dKHWnw4kRBLwq32AdLu8,4,4.4,"1 Hilton Court, Parsippany-Troy Hills"
182,Tabor Road Tavern,"<a href=""https://maps.google.com/maps/contrib/106153854923810294327"">David Simmons</a>",ChIJg8StYWinw4kRMFNslu1L9xg,3,4.4,"510 Tabor Road, Morris Plains"
183,Allie's American Grille,,ChIJ65KvIaGnw4kRt7JDBW9mOEY,,4.5,"1401 New Jersey 10, Whippany"
184,Chand Palace,"<a href=""https://maps.google.com/maps/contrib/104358620692773568911"">Vedant Vyas</a>",ChIJS66HABoIw4kRnI6Y7bbv7eM,2,4.1,"257 Littleton Road, Parsippany"
185,Subway,"<a href=""https://maps.google.com/maps/contrib/103967061093453033505"">Richard Rogers</a>",ChIJ6YlEVO8Jw4kR4n_aDP4NbIc,1,3.4,"559 East Main Street Store # 2, Denville"
186,Outback Steakhouse,"<a href=""https://maps.google.com/maps/contrib/115629859050043120443"">Torrey Hull</a>",ChIJIRHSouQHw4kRyO_XtcGuqLA,2,4.3,"1300 U.S. 46 west, Parsippany-Troy Hills"
187,Il Capriccio,"<a href=""https://maps.google.com/maps/contrib/116472713127136291017"">Rick Ciappa</a>",ChIJ5xzMLdCnw4kRFk-MyDV4stw,3,4.8,"633 New Jersey 10, Whippany"
188,Classic Cafe Management Inc,,ChIJkS2SUzEIw4kRPflvgep04Fg,,3,"400 Interpace Parkway, Parsippany"
189,Applebee's Grill + Bar,"<a href=""https://maps.google.com/maps/contrib/104874195504944011557"">Applebee&#39;s Grill + Bar</a>",ChIJj7QJJu0Hw4kR2le40uoUYok,2,4.1,"1057 U.S. 46, Parsippany"
190,Casa Bella,"<a href=""https://maps.google.com/maps/contrib/111832340128001877893"">Claus Finke</a>",ChIJl_hUu7sJw4kRR_KwUyifn_g,2,4.5,"300 U.S. 46, Denville"
191,LongHorn Steakhouse,"<a href=""https://maps.google.com/maps/contrib/116930829587411757081"">William Bonilla</a>",ChIJi6VtvpAHw4kR3ITCMQzyvsk,2,4.4,"690 U.S. 46, Parsippany-Troy Hills"
192,Subway,"<a href=""https://maps.google.com/maps/contrib/111694054745078865070"">Elamurugu Arumugam</a>",ChIJievJBCEGw4kRZYZTC17n0Ow,1,3.3,"300 Wooton Street, Boonton"
193,Arthur's Tavern,"<a href=""https://maps.google.com/maps/contrib/107565469744782651701"">Court Bro</a>",ChIJLYzYcCGnw4kRBVJEECwKSTY,2,4.5,"700 Speedwell Avenue, Morris Plains"
194,Reservoir Tavern,"<a href=""https://maps.google.com/maps/contrib/110394556587611639762"">Rodney Newton</a>",ChIJQ3G7f34Iw4kR_AlFPbjV3GI,2,4.5,"92 Parsippany Boulevard, Boonton"
195,Eccola,"<a href=""https://maps.google.com/maps/contrib/114250272376711073009"">Eccola</a>",ChIJ61Anqu0Hw4kRIYBKLpH9gEE,2,4.5,"1082 U.S. 46, Parsippany"
196,Cinnamon,"<a href=""https://maps.google.com/maps/contrib/118004134882898256072"">Geny Govi</a>",ChIJ8UdTNlGnw4kRfDz6N0jepj0,2,4.2,"2920 New Jersey 10, Morris Plains"
197,Thatcher McGhee's Denville,"<a href=""https://maps.google.com/maps/contrib/104762272360958789131"">Chuck Mound</a>",ChIJud_J3pcJw4kRKAy-RBsmx4w,2,4.4,"53 Broadway, Denville"
198,Sogo Hibachi Grill,"<a href=""https://maps.google.com/maps/contrib/110332593360101299269"">Sogo Hibachi Grill</a>",ChIJrSeQf7wJw4kRSy7PUaJ9Qd0,2,4.3,"2730 248, U.S. 46, Denville"
199,Don Pepe II,"<a href=""https://maps.google.com/maps/contrib/109307434136406236953"">Don Pepe II</a>",ChIJ33sWp24Hw4kRr0FMmGGhxp4,2,4.5,"21 Bloomfield Avenue, Pine Brook"
200,Locanda Vecchia,"<a href=""https://maps.google.com/maps/contrib/114312382504739609695"">Locanda Vecchia</a>",ChIJ2SDsZ2wGw4kRO2TjtkyosS4,3,4.3,"167 Main Road, Montville"
201,Subway,"<a href=""https://maps.google.com/maps/contrib/116962923538112334581"">Kevin Wong</a>",ChIJFbKzLR8Iw4kRORaU0tsqtj4,1,4,"105 Parsippany Road, Parsippany-Troy Hills"
202,Sharky's West,"<a href=""https://maps.google.com/maps/contrib/101148940614795141042"">Alan Poissant</a>",ChIJ62yyZJsIw4kRD8SpBwE3QZU,2,4.2,"108 Boonton Avenue, Boonton"
203,China Pavilion,"<a href=""https://maps.google.com/maps/contrib/105008531036515169286"">David TMann</a>",ChIJAQCyLZUJw4kR2QeEt7frt3A,,4.1,"276 East Main Street, Denville"
204,Nikko,"<a href=""https://maps.google.com/maps/contrib/108717882739687566912"">Nikko</a>",ChIJT4Tq4senw4kRNckMkAOjrWg,2,4.5,"881 Route 10 East, Whippany"
205,Veggie Heaven,"<a href=""https://maps.google.com/maps/contrib/108094322638021584405"">Daoliang Yang</a>",ChIJRXUIcb0Jw4kR9ltuQgxqTEQ,2,4.6,"57 Bloomfield Avenue, Denville"
206,Marakesh Restaurant,"<a href=""https://maps.google.com/maps/contrib/107601968959098501939"">Marakesh Restaurant</a>",ChIJadLF2XcHw4kR4zX4en4cBIE,2,4.4,"321 U.S. 46, Parsippany"
207,Spice Grill,"<a href=""https://maps.google.com/maps/contrib/101343197880887799407"">Chandan Nataraja</a>",ChIJr8mlBD4Iw4kRTdbmeYFavYY,2,4,"111 U.S. 46, Parsippany-Troy Hills"
208,Luigi's Italian Restaurant & Bar,"<a href=""https://maps.google.com/maps/contrib/113184363952192700315"">Alice Govor</a>",ChIJcQ7hu0qow4kRvf6ZBtUQbwM,2,4.6,"434 Ridgedale Avenue, East Hanover"
209,Domino's Pizza,"<a href=""https://maps.google.com/maps/contrib/105689904210500733921"">Domino&#39;s Pizza</a>",ChIJqf47DxoIw4kRmbUq7sFanH0,1,2.5,"199 Littleton Road, Parsippany-Troy Hills"
210,Hunan Taste Chinese Restaurant,"<a href=""https://maps.google.com/maps/contrib/111840993369993691788"">J D</a>",ChIJx82fbb0Jw4kR5ynQTN4hLiw,2,4.6,"67 Bloomfield Avenue, Denville"
211,KHAN MARKET,"<a href=""https://maps.google.com/maps/contrib/106761693113362326966"">KHAN MARKET</a>",ChIJxzPcOncHw4kReO-mprRMZ0M,,3.8,"142 U.S. 46, Parsippany-Troy Hills"
212,Classic Cafe Management,,ChIJZRdjDXinw4kRPoaexNCO7zg,,3.3,"6 Century Drive, Parsippany"
213,Anthony & Sons Bakery,"<a href=""https://maps.google.com/maps/contrib/103713470807595117707"">armando chikochis Morales marcos</a>",ChIJPfuOwMAJw4kR34FzmKPrFKg,2,4.5,"20 Luger Road, Denville"
214,Don Pepe Steakhouse,"<a href=""https://maps.google.com/maps/contrib/110122593311933545448"">mike Appello</a>",ChIJ-5iPQUEHw4kRgicGgpOu98M,2,4.4,"58 West, U.S. 46, Pine Brook"
215,Gourmet Cafe,"<a href=""https://maps.google.com/maps/contrib/113408835259048102799"">Gourmet Cafe</a>",ChIJdb-Q2eQHw4kRyJMEJWvsRCk,2,4.7,"136 Baldwin Road, Parsippany-Troy Hills"
216,il Michelangelo Italian Restaurant,"<a href=""https://maps.google.com/maps/contrib/100634474191394482503"">il Michelangelo Italian Restaurant</a>",ChIJS_FnhJIIw4kRXcWtOckCqyM,3,4.7,"91 Elcock Avenue, Boonton"
217,Brookside Diner & Restaurant,"<a href=""https://maps.google.com/maps/contrib/109517507354929643010"">Brookside Diner &amp; Restaurant</a>",ChIJS-rqvM-nw4kRS7RIJZlA3qs,1,4.3,"699 New Jersey 10, Whippany"
218,Verde Ristorante,"<a href=""https://maps.google.com/maps/contrib/110378247842092002102"">Verde Ristorante</a>",ChIJmV1dON8Jw4kRM2Qaat3XdIo,2,4.5,"1012 Tabor Road, Morris Plains"
219,Mintea Sushi Asian Bistro,"<a href=""https://maps.google.com/maps/contrib/104414998457340790842"">Russell Horton</a>",ChIJKzSwO6unw4kRFnzioOkQpMY,2,4.6,"99 Ridgedale Avenue, Cedar Knolls"
220,Jersey Mike's Subs,"<a href=""https://maps.google.com/maps/contrib/102187662413100689107"">kenton falana</a>",ChIJ63FrQgEIw4kR9sITj2iHsK8,1,4.4,"317 Smith Road, Parsippany-Troy Hills"
221,Keo Ku Restaurant,"<a href=""https://maps.google.com/maps/contrib/116175851730981369198"">Keo Ku Restaurant</a>",ChIJT7PApHcHw4kRQsi9e25byHo,2,4.5,"245 U.S. 46, Parsippany-Troy Hills"
222,Kabab Paradise,"<a href=""https://maps.google.com/maps/contrib/102990643052344866229"">Vikki Siri</a>",ChIJIaKw47cHw4kRyL6CmTKFowU,1,4.5,"76 North Beverwyck Road # 2, Lake Hiawatha"
223,Don Jose Mexican Restaurant East Hanover NJ,"<a href=""https://maps.google.com/maps/contrib/116851719259817107255"">Don Jose Mexican Restaurant East Hanover NJ</a>",ChIJy534e_aow4kRd86HxUvt4gA,2,4.2,"200 New Jersey 10 #7, East Hanover"
224,Wendy's,"<a href=""https://maps.google.com/maps/contrib/112752157570513236062"">Fred Wiliams</a>",ChIJz-d8jHKnw4kRP2ea64bKV6o,1,4,"1860 New Jersey 10, Parsippany-Troy Hills"
225,Trattoria Toscana,"<a href=""https://maps.google.com/maps/contrib/116735741977077648118"">Patrick Caustrita</a>",ChIJ_Y3KAtGnw4kRBDRdptFyIl4,2,4.5,"554 New Jersey 10, Whippany"
226,IHOP,"<a href=""https://maps.google.com/maps/contrib/114403170551238244802"">Sanjay Gupta</a>",ChIJj4DwA5EHw4kRXwc-SjN1Vzg,1,4.3,"792 U.S. 46, Parsippany-Troy Hills"
227,Dunkin',"<a href=""https://maps.google.com/maps/contrib/110422772806217456780"">Dunkin&#39;</a>",ChIJ644nfpEHw4kRESfcM5iImJI,1,4.1,"820 U.S. 46, Parsippany-Troy Hills"
228,La Cucina,"<a href=""https://maps.google.com/maps/contrib/112745685721487271931"">La Cucina</a>",ChIJ462p2QcJw4kR1rdphFaxtRU,2,4.5,"278 Diamond Spring Road, Denville"
229,Taco Bell,"<a href=""https://maps.google.com/maps/contrib/104551460073313318138"">Yogesh Sankhé</a>",ChIJiT_tGOMHw4kRcczCMdvIj1Y,1,4,"1560 U.S. 46, Parsippany-Troy Hills"
230,Sakura Hibachi Steak House,"<a href=""https://maps.google.com/maps/contrib/106170787605358391952"">Sakura Hibachi Steak House</a>",ChIJPXce45IHw4kRrigGzq8USWg,2,4.3,"949 U.S. 46, Parsippany-Troy Hills"
231,The Godfather Brick Oven Pizzeria,"<a href=""https://maps.google.com/maps/contrib/117687470126091522338"">K. Buvar-Toth</a>",ChIJy534e_aow4kRyjEZkdK4lV8,2,4.2,"200 New Jersey 10 #3, East Hanover"
232,Pasquale's,"<a href=""https://maps.google.com/maps/contrib/104762272360958789131"">Chuck Mound</a>",ChIJ6dwwLJ0Iw4kRzikiiABd5Xw,1,4.4,"307 Main Street #1, Boonton"
233,Cafe metro,"<a href=""https://maps.google.com/maps/contrib/112341027824958779107"">Simone Stephens</a>",ChIJc1toB5gJw4kR-vLeqQHafMU,2,4.4,"Diamond Spring Road, Denville"
234,Ravello,"<a href=""https://maps.google.com/maps/contrib/114387930510887187524"">Ravello</a>",ChIJWTez38Gpw4kRWHAv76CB4Ws,,4.5,"138 Eagle Rock Avenue, East Hanover"
235,Paul's Family Diner,"<a href=""https://maps.google.com/maps/contrib/100569516963978965453"">Paul&#39;s Family Diner</a>",ChIJZ4PMHrcJw4kROK2IDK_cIZ0,1,4.3,"320 U.S. 46, Mountain Lakes"
236,Grato,"<a href=""https://maps.google.com/maps/contrib/118366365365337161102"">TC Brown</a>",ChIJ7Zi6rUKnw4kRXEH5585vx4Q,2,4.3,"2230 New Jersey 10, Morris Plains"
237,Panda Wok,"<a href=""https://maps.google.com/maps/contrib/113559981492817658038"">Charlie R</a>",ChIJUw0Pqh8Iw4kRHxYtTnAK3zg,1,3.9,"184 Parsippany Road, Parsippany-Troy Hills"
238,Molly Malone's,"<a href=""https://maps.google.com/maps/contrib/104414998457340790842"">Russell Horton</a>",ChIJiz9JFtanw4kRIC5eMvyZSOc,2,4.2,"352 New Jersey 10, Whippany"
239,Red Barn Restaurant,"<a href=""https://maps.google.com/maps/contrib/110452599974688077516"">Matt Sweetwood</a>",ChIJzVnD84cGw4kReYeF0TZXCss,1,4.6,"446 Main Road #5, Towaco"
240,"The Madison Hotel Morristown, NJ","<a href=""https://maps.google.com/maps/contrib/112462195515654225878"">The Madison Hotel Morristown, NJ</a>",ChIJHftI9talw4kRmWCxey2gEQk,,4.4,"1 Convent Road, Morristown"
241,The Grand Summit Hotel,"<a href=""https://maps.google.com/maps/contrib/101918273158350615454"">The Grand Summit Hotel</a>",ChIJz6uaNLGvw4kRuHXk1y6iMn0,,4,"570 Springfield Avenue, Summit"
242,The HAT Tavern,"<a href=""https://maps.google.com/maps/contrib/114104419880120465320"">Jeff Drost</a>",ChIJz6uaNLGvw4kRy1bDyXsNiFY,2,4,"570 Springfield Avenue, Summit"
243,Rod's Steak & Seafood Grille,"<a href=""https://maps.google.com/maps/contrib/110101555795726210920"">Rod&#39;s Steak &amp; Seafood Grille</a>",ChIJHftI9talw4kRrc8OXSci0MY,3,4.4,"1 Convent Road, Morristown"
244,Roots Steakhouse,"<a href=""https://maps.google.com/maps/contrib/105889554098168494341"">Maynor Rojas</a>",ChIJBZF7rbKvw4kRM476xpEtYeU,,4.6,"401 Springfield Avenue, Summit"
245,Grasshopper off the Green,"<a href=""https://maps.google.com/maps/contrib/100838941794688715219"">Grasshopper off the Green</a>",ChIJhU8Gqb2mw4kRlkMW6Mc5fo8,2,4.3,"41-43 Morris Street, Morristown"
246,Scalini Fedeli,"<a href=""https://maps.google.com/maps/contrib/107188473054912431098"">s t</a>",ChIJa8mzRg6vw4kRf1jMjKnNUPs,3,4.6,"63 Main Street, Chatham"
247,Huntley Taverne,"<a href=""https://maps.google.com/maps/contrib/110159674210474053536"">danielle m</a>",ChIJW8kVUkOuw4kRifm1POGg7a0,3,4.4,"3 Morris Avenue, Summit"
248,Bacci Brick Oven & Italian Grill,"<a href=""https://maps.google.com/maps/contrib/117449415496853677264"">Vijay Thota</a>",ChIJzaR8Hfivw4kRpfA7WYumgtU,1,4.3,"1260 Springfield Avenue, New Providence"
249,Benihana,"<a href=""https://maps.google.com/maps/contrib/111817207371480438797"">Damian Hernandez</a>",ChIJ04HGrl-uw4kRa-3UFYi2-po,3,3.9,"840 Morris Turnpike, Short Hills"
250,Sarku Japan,"<a href=""https://maps.google.com/maps/contrib/111606525049936591655"">jin ren kwok</a>",ChIJdUO9sCipw4kRq3GR69sYZAo,1,3.8,"112 Sunrise Highway, Livingston"
251,Blue Morel Restaurant and Wine Bar,"<a href=""https://maps.google.com/maps/contrib/114110572623600347091"">Blue Morel Restaurant and Wine Bar</a>",ChIJSdYqc4ymw4kRAQ_BSxCY5hs,3,4.3,"2 Whippany Road, Morristown"
252,The Famished Frog,"<a href=""https://maps.google.com/maps/contrib/110191806074871414048"">The Famished Frog</a>",ChIJlz_gbrumw4kRFcYTYBxz_8s,2,4.2,"18 Washington Street, Morristown"
253,Legal Sea Foods,"<a href=""https://maps.google.com/maps/contrib/102081968440321452793"">Legal Sea Foods</a>",ChIJBxBOuRyvw4kRjrqGUcTJpRs,3,4.1,"1200 Morris Turnpike, Route 24 & JFK Parkway The Mall at, Short Hills"
254,Gary's Wine & Marketplace,"<a href=""https://maps.google.com/maps/contrib/100662501203122907309"">Gary&#39;s Wine &amp; Marketplace</a>",ChIJP0EOavOlw4kRB2fsQCuepQE,2,4.8,"121 Main Street, Madison"
255,Chipotle Mexican Grill,"<a href=""https://maps.google.com/maps/contrib/118254699547689617433"">Lop Yee Wong</a>",ChIJ7RPacvKlw4kRuZUwvoxCtx8,1,4.1,"6 Main Street, Madison"
256,Chipotle Mexican Grill,"<a href=""https://maps.google.com/maps/contrib/101994634478973272043"">Simon Tsang</a>",ChIJia24Hfyow4kRrMWypYFnNrs,1,4.1,"368 New Jersey 10, East Hanover"
257,Fiorino Ristorante & Bar,"<a href=""https://maps.google.com/maps/contrib/110419322897449499884"">Fiorino</a>",ChIJL_uxyrKvw4kRfijETYJJv1I,3,4.6,"38 Maple Street, Summit"
258,Restaurant Serenade,"<a href=""https://maps.google.com/maps/contrib/114861560920587265978"">Restaurant Serenade</a>",ChIJuUxIbQ6vw4kRMduCGtTgO_g,3,4.6,"6 Roosevelt Avenue, Chatham"
259,Mehndi,"<a href=""https://maps.google.com/maps/contrib/100162535167105012522"">Pradeep Varadan</a>",ChIJu_SHnLymw4kRq6CKadh6KzE,3,4.1,"3 Speedwell Avenue, Morristown"
260,Broadway Diner,"<a href=""https://maps.google.com/maps/contrib/113342978479142410573"">Broadway Diner</a>",ChIJzSWC3wmvw4kRQQlhAYEJsrI,1,4.1,"55 River Road, Summit"
261,L'Allegria,"<a href=""https://maps.google.com/maps/contrib/115116314771848276836"">C Hong</a>",ChIJ4UWRPPOlw4kREva2ddbIL2Y,3,4.5,"11 Prospect Street, Madison"
262,Shanghai Jazz Restaurant & Bar,"<a href=""https://maps.google.com/maps/contrib/104705803275610678346"">Bob Ullman</a>",ChIJt7UGb_Klw4kR6Z1O5YV7ZG8,2,4.6,"24 Main Street, Madison"
263,Marco Polo Restaurant & Tavern,"<a href=""https://maps.google.com/maps/contrib/113226369630418180393"">Dean</a>",ChIJdSiRkqavw4kRI0Zqujyg-hg,2,4.3,"527 Morris Avenue, Summit"
264,Ming II Restaurant,"<a href=""https://maps.google.com/maps/contrib/112136955805525933854"">Exportcity Group</a>",ChIJe5ajBLymw4kRnylC-ePCnek,2,4.2,"3 Speedwell Avenue, Morristown"
265,Panevino Ristorante,"<a href=""https://maps.google.com/maps/contrib/113775149196475398125"">Panevino Ristorante</a>",ChIJ5ZCzkgKpw4kRV05rIboFeLA,2,4.2,"637 West Mount Pleasant Avenue, Livingston"
266,Panera Bread,"<a href=""https://maps.google.com/maps/contrib/106014841181853651540"">Alex Marvin</a>",ChIJfWpUQ6Oow4kRVbGGHFPtvJY,2,4,"187 Columbia Turnpike, Florham Park"
267,Winberie's Restaurant & Bar,"<a href=""https://maps.google.com/maps/contrib/111652826064796254444"">Nolan Ang</a>",ChIJLZyS9LKvw4kRxBWhBwFCEqo,2,4.3,"2 Kent Place Boulevard, Summit"
268,Starbucks,"<a href=""https://maps.google.com/maps/contrib/104523090271824362209"">Agnel J D&#39;Cruz</a>",ChIJ8acnyLyow4kRb_wrTFHmEZM,2,4.3,"184 Columbia Turnpike, Florham Park"
269,George & Martha's American Grille,"<a href=""https://maps.google.com/maps/contrib/104915103059335190056"">Jim DelGiudice</a>",ChIJubJboL2mw4kRcMNZZ2OuftQ,2,4.1,"67-71 Morris Street, Morristown"
270,Il Capriccio,"<a href=""https://maps.google.com/maps/contrib/116472713127136291017"">Rick Ciappa</a>",ChIJ5xzMLdCnw4kRFk-MyDV4stw,3,4.8,"633 New Jersey 10, Whippany"
271,The Cheesecake Factory,"<a href=""https://maps.google.com/maps/contrib/104071905895668420687"">Brinda Munuswamy</a>",ChIJBxBOuRyvw4kRKetUb6GKLhY,2,4,"1200 Morris Turnpike, Short Hills"
272,Don Jose Mexican Restaurant East Hanover NJ,"<a href=""https://maps.google.com/maps/contrib/116851719259817107255"">Don Jose Mexican Restaurant East Hanover NJ</a>",ChIJy534e_aow4kRd86HxUvt4gA,2,4.2,"200 New Jersey 10 #7, East Hanover"
273,Starbucks,"<a href=""https://maps.google.com/maps/contrib/111571409658636524209"">Jung-woo Sohn</a>",ChIJwSZOOU2uw4kRovEizXSpPSc,2,4.1,"2 Beechwood Road, Summit"
274,Office Tavern Grill,"<a href=""https://maps.google.com/maps/contrib/102403072819540518152"">Michelle Papier</a>",ChIJX4XIMU2uw4kRxWiBJjg-yT0,2,4.2,"61 Union Place, Summit"
275,Marie's Italian Specialties,"<a href=""https://maps.google.com/maps/contrib/100307466782082355618"">Richard Pluhar</a>",ChIJV98TTqKlw4kRd0LKyluNOkM,,4.3,"641 Shunpike Road, Chatham Township"
276,SM23,"<a href=""https://maps.google.com/maps/contrib/106618944461717947479"">SM23</a>",ChIJe5ajBLymw4kRefpKO4iLTWw,,4.5,"3 Speedwell Avenue, Morristown"
277,Village Food Garden,"<a href=""https://maps.google.com/maps/contrib/117917276874430117156"">Village Super Market</a>",ChIJuctf_lqpw4kR3t5VAam4nCQ,,4.5,"483 South Livingston Avenue, Livingston"
278,Starbucks,"<a href=""https://maps.google.com/maps/contrib/106800608397809365048"">Dave DiGregorio</a>",ChIJS512A2Svw4kR4cLmoh3F66s,2,4.1,"309 Main Street, Madison"
279,Subway,"<a href=""https://maps.google.com/maps/contrib/116408995694168697135"">Nickolas Juliano</a>",ChIJz29K4fevw4kRMFAta1B0890,1,4.1,"1269 B Springfield Avenue, New Providence"
280,The Thirsty Turtle,"<a href=""https://maps.google.com/maps/contrib/106068332779167701737"">Mickey Luongo</a>",ChIJKYiqTKOow4kR0-cwSJSSaJo,2,4.4,"186 Columbia Turnpike, Florham Park"
281,Nicky’s Firehouse Italian Restaurant & Pizzeria,"<a href=""https://maps.google.com/maps/contrib/104981203254012317679"">Nicky’s Firehouse Italian Restaurant &amp; Pizzeria</a>",ChIJUdEMVvKlw4kRJtbuAf9CMLA,2,4.3,"15 Central Avenue, Madison"
282,The Godfather Brick Oven Pizzeria,"<a href=""https://maps.google.com/maps/contrib/117687470126091522338"">K. Buvar-Toth</a>",ChIJy534e_aow4kRyjEZkdK4lV8,2,4.2,"200 New Jersey 10 #3, East Hanover"
283,Il Mondo Vecchio,"<a href=""https://maps.google.com/maps/contrib/117210037209593881999"">Il Mondo Vecchio</a>",ChIJbXFncvKlw4kR0tJ0Ut7Qtng,3,4.4,"72 Main Street #1, Madison"
284,Nero's Grille,"<a href=""https://maps.google.com/maps/contrib/104612572511801115220"">Romeo Carrion</a>",ChIJ6ZeZb0-pw4kR203QnoJ5WKw,2,4.2,"618 South Livingston Avenue, Livingston"
285,Sushi Lounge,"<a href=""https://maps.google.com/maps/contrib/115848485770196230517"">Sushi Lounge</a>",ChIJgy1Bbrumw4kRJxxxr4fYlJ8,2,4.2,"12 Schuyler Place, Morristown"
286,Starbucks,"<a href=""https://maps.google.com/maps/contrib/102239031222161320319"">Brian Kochera ABCDT</a>",ChIJd3hFjaKlw4kRf94x4uT6De4,2,4,"640 Shunpike Road, Chatham"
287,La Focaccia,"<a href=""https://maps.google.com/maps/contrib/111175707923752822599"">La Focaccia</a>",ChIJccxljqavw4kREqqUyMwG5u0,3,4.6,"523 Morris Avenue, Summit"
288,Calabria Restaurant Bar & Pizzeria,"<a href=""https://maps.google.com/maps/contrib/102101616474031688035"">Gino Iannuzzi</a>",ChIJiV0uhk-pw4kR61Mr_Me19bc,2,4.2,"588 South Livingston Avenue, Livingston"
289,China Chalet,"<a href=""https://maps.google.com/maps/contrib/104523090271824362209"">Agnel J D&#39;Cruz</a>",ChIJwfUwyLyow4kRjNf0VIA83H0,2,4.3,"184 Columbia Turnpike, Florham Park"
290,Dunkin',"<a href=""https://maps.google.com/maps/contrib/104915103059335190056"">Jim DelGiudice</a>",ChIJV98TTqKlw4kRw8iiGY1MVsE,1,4.2,"641 Shunpike Road, Chatham Township"
291,Begum Palace Indian Cuisine (Takeouts & Delivery Only Through Our Website),"<a href=""https://maps.google.com/maps/contrib/105270382006244451594"">Begum Palace Indian Cuisine (Takeouts &amp; Delivery Only Through Our Website)</a>",ChIJoatDqmavw4kRxdNuVRIQ1hE,2,4.7,"300 Main Street, Madison"
292,Rocco's Tuscany Bar and Grill,"<a href=""https://maps.google.com/maps/contrib/111913664325822809833"">Rocco&#39;s Tuscany Bar and Grill</a>",ChIJY7AgO_Klw4kROqeKhjmkpyc,2,4.3,"30 Cook Avenue, Madison"
293,La Pastaria,"<a href=""https://maps.google.com/maps/contrib/104827520803509410241"">Richard Tracy</a>",ChIJ35BOh02uw4kR92xQ5pVinZY,2,4.3,"327 Springfield Avenue, Summit"
294,A Taste of Asia,"<a href=""https://maps.google.com/maps/contrib/117689253366763832523"">Michael Kaczun</a>",ChIJRxKQtXKvw4kRwXRw6nvtx6Q,2,4.5,"245 Main Street, Chatham"
295,Prestige Diner & Restaurant,"<a href=""https://maps.google.com/maps/contrib/101809692904666865773"">Marcelo Passarella</a>",ChIJfW6x9Felw4kRodzL2SZtCwY,2,4.3,"1318 Springfield Avenue, New Providence"
296,Roots Steakhouse,"<a href=""https://maps.google.com/maps/contrib/106953872731237085683"">Roots Steakhouse</a>",ChIJvcErY7umw4kRehfbJzWbkHk,4,4.4,"40 West Park Place, Morristown"
297,Romanelli's Pizza & Italian Eatery,"<a href=""https://maps.google.com/maps/contrib/100624325878916890779"">Madison Allen</a>",ChIJq0XeJvOlw4kRm_GNJ1xrcb0,1,4.2,"42 Lincoln Place, Madison"
298,Origin Thai 2,"<a href=""https://maps.google.com/maps/contrib/107806113976982408179"">Origin Thai 2</a>",ChIJVW-Clbymw4kRDT44ByxGa7I,2,4.2,"10 South Street, Morristown"
299,End of Elm,"<a href=""https://maps.google.com/maps/contrib/117939937904189834854"">End of Elm</a>",ChIJo1-fVZamw4kRjmEKlZstyrQ,2,4.4,"140 Morris Street, Morristown"
300,The Stanhope House,"<a href=""https://maps.google.com/maps/contrib/106238791503478889229"">The Stanhope House</a>",ChIJ2bTNVhh2w4kRwzV1dZvAQn0,2,3.6,"45 Main Street, Stanhope"
301,LongHorn Steakhouse,"<a href=""https://maps.google.com/maps/contrib/102266164858401591713"">Gerry Harman</a>",ChIJczqlV-ydw4kRFvGHI2-6EP4,2,4.5,"50 International Drive South Ste J, Flanders"
302,Lung Yung Restaurant,"<a href=""https://maps.google.com/maps/contrib/117337841680780855822"">Ilona Fang</a>",ChIJByi2kDaew4kRcd1uc-85niA,2,4.5,"275-50 New Jersey 10, Succasunna"
303,Cinders Wood Fire Grill,"<a href=""https://maps.google.com/maps/contrib/117199528699815587942"">Cinders Wood Fire Grill</a>",ChIJbe-r8uKfw4kRTZ4lQlwCA0M,3,4.2,"319 U.S. 46, Mine Hill Township"
304,Black Forest Inn,"<a href=""https://maps.google.com/maps/contrib/113419883587504090890"">Black Forest Inn</a>",ChIJS4JC-0Z2w4kR4APyqXvO7e4,3,4.5,"249 U.S. 206, Stanhope"
305,Cracker Barrel Old Country Store,"<a href=""https://maps.google.com/maps/contrib/103946854636681602726"">Cracker Barrel Old Country Store</a>",ChIJva5afnR1w4kRE-bnB4a7_Vc,2,4.3,"172 Howard Boulevard, Mount Arlington"
306,Black River Barn,"<a href=""https://maps.google.com/maps/contrib/105317891136084434903"">Black River Barn</a>",ChIJcRSR_7ifw4kRbxudvlPP33Q,2,4.3,"1178 Route 10, West Street, Randolph"
307,Pub 199,"<a href=""https://maps.google.com/maps/contrib/113766865794844913199"">Steve Hou</a>",ChIJ_w1-qAl1w4kR0ElVLZisxFM,2,4.2,"199 Howard Boulevard, Mount Arlington"
308,La Strada Ristorante,"<a href=""https://maps.google.com/maps/contrib/106448746975753957243"">La Strada Ristorante</a>",ChIJDUZCTLyfw4kR0Ts2H9sDYbs,2,4.6,"1105 New Jersey 10, Randolph"
309,Subway,"<a href=""https://maps.google.com/maps/contrib/108379384467536592179"">-Nick -</a>",ChIJbXs92JGdw4kRWkx-kSAIIAk,1,4.1,"61 International Drive Space A-5, Budd Lake"
310,Pavinci Italian Grill,"<a href=""https://maps.google.com/maps/contrib/101268178189689161591"">Pavinci Italian Grill</a>",ChIJDe-ofUR0w4kR-7kqeF5kbxY,2,4.1,"453 River Styx Road, Hopatcong"
311,Circle Bowl & Entertainment,"<a href=""https://maps.google.com/maps/contrib/108396794977736314084"">Circle Bowl &amp; Entertainment</a>",ChIJPc6IfC6ew4kR7AAPCsXrwlA,,4.5,"1107 Route 46 W, Ledgewood"
312,Forte Pizzeria,"<a href=""https://maps.google.com/maps/contrib/116487545443541678116"">Sheryl Coe - Reportica</a>",ChIJfyfr8Wygw4kRA8Eu1K9a374,2,4.4,"486 New Jersey 10, Randolph"
313,Red Lobster,"<a href=""https://maps.google.com/maps/contrib/104183017219162286956"">Hector Garcia</a>",ChIJ7xNUQDCew4kRby35lL1veZo,2,4.2,"303 New Jersey 10, Roxbury Township"
314,Muldoon's,"<a href=""https://maps.google.com/maps/contrib/104389846341516529443"">Jim Buckley</a>",ChIJV8P7WCCew4kRkLlDSa16Xio,2,4.3,"1447 U.S. 46, Ledgewood"
315,Bell's Mansion,"<a href=""https://maps.google.com/maps/contrib/114953191719587645949"">Stephen Brewster</a>",ChIJNSU5oxl2w4kRuG6F3yLZ6Cc,2,4.5,"11 Main Street, Stanhope"
316,The Clay Oven,"<a href=""https://maps.google.com/maps/contrib/112149748650348748837"">The Clay Oven</a>",ChIJZZsyki-ew4kRiB2omTgFmBQ,2,4.4,"1140 U.S. 46, Ledgewood"
317,Jefferson House,"<a href=""https://maps.google.com/maps/contrib/108448767291861622525"">Jefferson House</a>",ChIJXVw9PpJ0w4kRsnh9uaF7N78,2,3.6,"139 Nolans Point Road, Lake Hopatcong"
318,Taco Bell,"<a href=""https://maps.google.com/maps/contrib/115835292704950992337"">Santhosh Rajarao</a>",ChIJ_46pjTOew4kRvO55LTQ4uDA,1,4.2,"268 New Jersey 10, Succasunna"
319,Subway,"<a href=""https://maps.google.com/maps/contrib/105449837616595260640"">jay l</a>",ChIJAwMm4-UKw4kRlqC_dCxPzUI,1,2,"220 Enterprise Drive, Rockaway"
320,White Castle,"<a href=""https://maps.google.com/maps/contrib/116087801459096488374"">Kenneth R. Martinez</a>",ChIJwX6rxS2ew4kRXl9rzrYVmog,1,4.1,"1113 U.S. 46, Ledgewood"
321,Subway,"<a href=""https://maps.google.com/maps/contrib/100154979946038924719"">Ebony Hicks</a>",ChIJDX72ShOgw4kRLPA4fYT9Wjs,1,3.9,"148 Center Grove Road, Randolph"
322,Wendy's,"<a href=""https://maps.google.com/maps/contrib/110785093281629273507"">Wes Darwish</a>",ChIJczqlV-ydw4kR96DRWyHWT1A,1,3.8,"50 International Drive South Suite G, Flanders"
323,The Quiet Man Pub/Restaurant,"<a href=""https://maps.google.com/maps/contrib/116019465583892203860"">The Quiet Man Pub/Restaurant</a>",ChIJoeLjXo4Kw4kR8tGS2GzB-Ok,2,4.7,"64 East McFarlan Street, Dover"
324,Don Jose Mexican Restaurant,"<a href=""https://maps.google.com/maps/contrib/110314800077357931273"">Don Jose Mexican Restaurant</a>",ChIJ89aaqIqdw4kRNGI_0waicfs,2,4.4,"124 U.S. 46, Netcong"
325,Carmine's Pizza,"<a href=""https://maps.google.com/maps/contrib/106341427992764700204"">Carmine&#39;s Pizza</a>",ChIJU8PU5R52w4kR_mIy634HwNA,2,4.5,"75 Main Street, Netcong"
326,Randolph Diner,"<a href=""https://maps.google.com/maps/contrib/104827520803509410241"">Richard Tracy</a>",ChIJH7kOUxOgw4kRDM_So1R6RU0,2,4.2,"517 New Jersey 10 E, Randolph"
327,Townsquare Diner,"<a href=""https://maps.google.com/maps/contrib/114912659487914898067"">Townsquare Diner</a>",ChIJYaVpPegKw4kRWSoEMZaNh3o,2,4.2,"320 New Jersey 15, Wharton"
328,Domino's Pizza,"<a href=""https://maps.google.com/maps/contrib/103378208978934363258"">Domino&#39;s Pizza</a>",ChIJUxmUvZ-dw4kRoHiIE5uBqP4,1,3.4,"141 U.S. 46, Budd Lake"
329,Cafe Fiori,"<a href=""https://maps.google.com/maps/contrib/111576443241652013181"">Cindy Finkelstein</a>",ChIJI6a-Y2ygw4kRV1aARXv7hyk,2,4.5,"477 New Jersey 10 STE 15, Randolph"
330,The After Char-Broil Grill & Ice Cream,"<a href=""https://maps.google.com/maps/contrib/111335959090532759757"">The After Char-Broil Grill &amp; Ice Cream</a>",ChIJBQz3ojGcw4kRVedVn97dfDY,1,4.4,"195 U.S. 206, Flanders"
331,QuickChek,"<a href=""https://maps.google.com/maps/contrib/108216077466194738689"">banana jesus</a>",ChIJBWi5qcl1w4kRvBc1s5CTY8E,,3.4,"40 Lakeside Boulevard, Hopatcong"
332,Sals Pizza & Restaurant,"<a href=""https://maps.google.com/maps/contrib/104762272360958789131"">Chuck Mound</a>",ChIJT11i3sF1w4kRw3rXup6EvHk,1,4.2,"175 Lakeside Boulevard #7, Landing"
333,Charlotte's Web Inn,"<a href=""https://maps.google.com/maps/contrib/107033172854959167022"">Charlotte&#39;s Web Inn</a>",ChIJ3_iX-JAKw4kRavc3Gc7FeMI,2,4.5,"39 West Clinton Street, Dover"
334,IHOP,"<a href=""https://maps.google.com/maps/contrib/109022516184200357460"">IHOP</a>",ChIJp3rw49Ofw4kRRwZ3Tfssq90,1,4.3,"810 U.S. 46, Kenvil"
335,KFC,"<a href=""https://maps.google.com/maps/contrib/117085819213039331162"">matúš beňo</a>",ChIJn96Msi-ew4kRCC_iGwLTTEk,1,3.4,"1110 U.S. 46, Ledgewood"
336,Domino's Pizza,"<a href=""https://maps.google.com/maps/contrib/110639839633482203882"">Domino&#39;s Pizza</a>",ChIJXTRpfC6ew4kR_sRFEdg6tV8,1,3.4,"1009 U.S. 46, Ledgewood"
337,The Pizza Pub,"<a href=""https://maps.google.com/maps/contrib/113789330041902459464"">Ricardo Nazario</a>",ChIJIfvp2zyfw4kRhD_XIS8m3gA,2,4.5,"395 Dover Chester Road, Ironia"
338,L and L Deli & Liquor Store,"<a href=""https://maps.google.com/maps/contrib/112685188629772500056"">L and L Deli &amp; Liquor Store</a>",ChIJW5WYQFV1w4kRk-s_Nqdcefo,,4.7,"264 U.S. 46, Mine Hill Township"
339,Dunkin',"<a href=""https://maps.google.com/maps/contrib/114184695836511725207"">Dunkin&#39;</a>",ChIJjcPlLT-cw4kRXQeoM0HuV8k,1,4.2,"114 State Hwy Route 206 In Exxon Gas Station, Mount Olive"
340,Bryans Luncheonette,"<a href=""https://maps.google.com/maps/contrib/109360273325710071548"">Giovy L.</a>",ChIJAcGqA7afw4kRMgNyf8jadCw,1,4.7,"42 Main Street, Succasunna"
341,Lucky House,,ChIJk52QTHhzw4kRnlChw6xXN3A,,3.6,"Hopatchung Road, Hopatcong"
342,Outback Steakhouse,"<a href=""https://maps.google.com/maps/contrib/101175069239376383755"">Stephen L</a>",ChIJM1ZrZC6ew4kRR1aQd_5r7hI,2,4.2,"1070 U.S. 46, Ledgewood"
343,Iron Hills Tavern,"<a href=""https://maps.google.com/maps/contrib/118006536388431609852"">Antoinette Manzini</a>",ChIJpaVyXyCew4kRVv1m4dxXTEw,2,4.3,"1447 U.S. 46, Ledgewood"
344,bp,"<a href=""https://maps.google.com/maps/contrib/112136752412720777782"">Kumar Vikash</a>",ChIJtfxcUvV1w4kRYJEbgDLaIGg,,3.5,"1551 Ledgewood Road, U.S. 46, Ledgewood"
345,La Gratella Pizza & Restaurant,"<a href=""https://maps.google.com/maps/contrib/101273670907467290625"">La Gratella Pizza &amp; Restaurant</a>",ChIJmU7prTGew4kRRsDi3yQ3OPY,,4.4,"450 New Jersey 10, Ledgewood"
346,Empower Nutrition Supplements & Juice Bar,"<a href=""https://maps.google.com/maps/contrib/112503490616089986720"">Empower Nutrition Supplements &amp; Juice Bar</a>",ChIJ_zSagy6ew4kRo9r58rMmoHM,,4.7,"760 U.S. 46, Kenvil"
347,The Bistro – Eat. Drink. Connect.®,,ChIJjx2zHXR1w4kRmDOHAKbWXXo,,5,"15 Howard Boulevard, Mount Arlington"
348,Fuddruckers,"<a href=""https://maps.google.com/maps/contrib/108157019510452566153"">Fuddruckers</a>",ChIJ9SyXqDaew4kReeCdw-m21IU,2,4.4,"275 New Jersey 10, Succasunna"
349,Jersey Mike's Subs,"<a href=""https://maps.google.com/maps/contrib/104762272360958789131"">Chuck Mound</a>",ChIJY9E2lzaew4kR_tD-6Imspes,1,4.2,"275 New Jersey 10 E, Succasunna"
350,Yummy Taste Chinese Restaurant,"<a href=""https://maps.google.com/maps/contrib/101669337364623029887"">Yummy Taste Chinese Restaurant</a>",ChIJdzAbq9Cfw4kRpx1d5oQuZyw,,4.4,"692 U.S. 46, Kenvil"
351,Joe's Pizzeria & Restaurant,"<a href=""https://maps.google.com/maps/contrib/103608112083398136698"">Joe&#39;s Pizzeria &amp; Restaurant</a>",ChIJ51k2Ttmfw4kRn5t0zqj3Wtk,1,4.5,"586 U.S. 46, Kenvil"
352,Casella's Pizzeria & Deli,"<a href=""https://maps.google.com/maps/contrib/104762272360958789131"">Chuck Mound</a>",ChIJhRuqnsqfw4kRa2ZlIHTgHjc,,4.3,"139 State Route 10 East, Succasunna"
353,One Touch Design,,ChIJh5xqAeZ1w4kRXoS2ysw1L7I,,5,"210 Kings Highway #7, Landing"
354,Dunkin',"<a href=""https://maps.google.com/maps/contrib/100812782857318336034"">Patricia Robinson</a>",ChIJwypnfbafw4kR7yRBwd7kcNE,1,4.2,"57 New Jersey 10 E, Succasunna"
355,Anthony & Sons Bakery & Italian Deli,"<a href=""https://maps.google.com/maps/contrib/101641683203002834695"">Timothy Potter</a>",ChIJ1yZeabefw4kRfvmIeEYa2xY,2,4.5,"15 New Jersey 10, Succasunna"
356,Pizza Express,"<a href=""https://maps.google.com/maps/contrib/100161467664029130107"">Everardo Perez</a>",ChIJM4tBOgJ1w4kRa9U1mz6xgfI,1,3.7,"312 Howard Boulevard, Mount Arlington"
357,Shell,"<a href=""https://maps.google.com/maps/contrib/104977441113558795145"">Zap Eck</a>",ChIJWf-qdf2fw4kR_MdkDkTL6Jo,2,3.1,"274 U.S. 46, Mine Hill Township"
358,Dunkin',"<a href=""https://maps.google.com/maps/contrib/116931229905386295571"">Dunkin&#39;</a>",ChIJNcJSc_2fw4kRIA4rycWRc58,1,4.2,"274 Rte 46, Mine Hill Township"
359,Polo's Bar & Grill,"<a href=""https://maps.google.com/maps/contrib/113619563973811574310"">Polo&#39;s Bar &amp; Grill</a>",ChIJtefBaBx2w4kR_awouBXE8oU,2,4.4,"50 New Jersey 183, Netcong"
