restaurant_name,yelp_url,restaurant_rating,price_cuisine,address1,address2,restaurant_website
Rosie’s Trattoria,https://www.yelp.com/biz/rosie-s-trattoria-randolph?osq=Restaurants,4.5,"$$$Italian, Bars, Venues & Event Spaces",1181 Sussex Tpke,"Randolph, NJ 07869",Find a Table
SubUrban Bar & Kitchen,https://www.yelp.com/biz/suburban-bar-and-kitchen-randolph?osq=Restaurants,4,"$$American (New), Bars, Pizza",500 NJ-10,"Randolph, NJ 07869",sbknj.com
4 Seasons Mediterranean Restaurant,https://www.yelp.com/biz/4-seasons-mediterranean-restaurant-wharton?osq=Restaurants,4.5,"$$Wine Bars, French, Italian",322 S Main St,"Wharton, NJ 07885",4seasonswharton.com
Quiet Man Pub,https://www.yelp.com/biz/quiet-man-pub-dover-2?osq=Restaurants,4.5,"$$Irish Pub, Seafood, Tapas/Small Plates",64 E Mcfarlan St,"Dover, NJ 07801",quietmanpub.com
Verona Restaurant,https://www.yelp.com/biz/verona-restaurant-randolph?osq=Restaurants,4.5,$$Italian,1171 Sussex Tpke,"Randolph, NJ 07869",veronarestaurant.com
El Lechon De Negron,https://www.yelp.com/biz/el-lechon-de-negron-denville?osq=Restaurants,4,"Puerto Rican, Empanadas",23 E Main St,"Denville, NJ 07834",
The Corner Bistro,https://www.yelp.com/biz/the-corner-bistro-randolph-2?osq=Restaurants,4,"$$Diners, Italian",477 NJ-10,"Randolph, NJ 07869",thecornerbistronj.com
ALEV Mediterranean Grill,https://www.yelp.com/biz/alev-mediterranean-grill-rockaway-2?osq=Restaurants,4.5,"$$Mediterranean, Turkish, Kebab",76 Rte 46,"Rockaway, NJ 07866",alevmediterraneangrill.com
Mr Crabby’s Craft Kitchen & Bar,https://www.yelp.com/biz/mr-crabbys-craft-kitchen-and-bar-randolph-2?osq=Restaurants,3.5,"$$Seafood, Sports Bars, Gluten-Free",399 NJ-10,"Randolph, NJ 07869",mrcrabbys.com
Kabab Paradise,https://www.yelp.com/biz/kabab-paradise-randolph-2?osq=Restaurants,4.5,"$$Afghan, Salad, Halal",124 Rte 10 W,"Randolph, NJ 07869",kababparadise.com
Takashi Japanese Cuisine,https://www.yelp.com/biz/takashi-japanese-cuisine-morristown?osq=Restaurants,5,Japanese,23 Washington St,"Morristown, NJ 07960",Find a Table
Up Thai,https://www.yelp.com/biz/up-thai-morris-plains?osq=Restaurants,4,$$Thai,981 Tabor Rd,"Morris Plains, NJ 07950",
The Windlass,https://www.yelp.com/biz/the-windlass-lake-hopatcong-3?osq=Restaurants,4,"$$American (Traditional), Seafood, Italian",45 Nolans Point Park Rd,"Lake Hopatcong, NJ 07849",thewindlass.com
Noches de Colombia,https://www.yelp.com/biz/noches-de-colombia-randolph-2?osq=Restaurants,3.5,"$$Colombian, Spanish, Bars",140 Route 10 W,"Randolph, NJ 07869",nochesdecolombiarandolph.com
Black River Barn,https://www.yelp.com/biz/black-river-barn-randolph-2?osq=Restaurants,3.5,"$$American (Traditional), Bars, Seafood",1178 Rte 10 W,"Randolph, NJ 07869",blackriverbarn.com/index1.html
American Heroes Smokehouse,https://www.yelp.com/biz/american-heroes-smokehouse-randolph?osq=Restaurants,4,"$$Barbeque, American (Traditional), Comfort Food",1594 Route 10,"Randolph, NJ 07869",americanheroesbbq.com
Pierogies House,https://www.yelp.com/biz/pierogies-house-morristown-4?osq=Restaurants,4.5,$$Polish,145 Morris St,"Morristown, NJ 07960",pierogieshouse.com
Taphouse 15,https://www.yelp.com/biz/taphouse-15-jefferson?osq=Restaurants,3.5,"$$Bars, Gastropubs, American (New)",75 State Rte 15 S,"Jefferson, NJ 07885",taphouse15.com
Pollos Pucalor,https://www.yelp.com/biz/pollos-pucalor-dover?osq=Restaurants,4.5,$Latin American,85 E Blackwell St,"Dover, NJ 07801",pollospucalor.com
Pub 199,https://www.yelp.com/biz/pub-199-mount-arlington-3?osq=Restaurants,3.5,"$$Steakhouses, Pubs",199 Howard Blvd,"Mount Arlington, NJ 07856",
Thai Nam Phet,https://www.yelp.com/biz/thai-nam-phet-rockaway?osq=Restaurants,4,$$Thai,296 US Hwy 46,"Rockaway, NJ 07866",thainamphet.com
La Strada Ristorante,https://www.yelp.com/biz/la-strada-ristorante-randolph?osq=Restaurants,4,"$$Italian, Cocktail Bars, Venues & Event Spaces",1105 State Route 10 E,"Randolph, NJ 07869",
Ichiban,https://www.yelp.com/biz/ichiban-ledgewood?osq=Restaurants,4.5,"$$Japanese, Desserts, Sushi Bars",1034 Rt 46 E,"Ledgewood, NJ 07852",
Zuzannas Gourmet,https://www.yelp.com/biz/zuzannas-gourmet-randolph?osq=Restaurants,4.5,"$$Delis, Sandwiches",1152 State Rt 10,"Randolph, NJ 07869",zuzannasgourmet.com
Spain Rincon,https://www.yelp.com/biz/spain-rincon-wharton?osq=Restaurants,3.5,"$$Portuguese, Spanish, Iberian",41 Richard Mine Rd,"Wharton, NJ 07885",
Barka,https://www.yelp.com/biz/barka-mountain-lakes?osq=Restaurants,4.5,$$$Mediterranean,60 Route 46,"Mountain Lakes, NJ 07046",barkaseafoodrestaurant.com
Randolph Diner,https://www.yelp.com/biz/randolph-diner-randolph?osq=Restaurants,3,$$Diners,517 State Rte 10,"Randolph, NJ 07869",therandolphdiner.com
Stirling Tavern,https://www.yelp.com/biz/stirling-tavern-morristown-2?osq=Restaurants,4,"$$Bars, American (New)",150 South St,"Morristown, NJ 07960",stirlingtavern.com
The Pasta Shop,https://www.yelp.com/biz/the-pasta-shop-denville?osq=Restaurants,4.5,"$$Pasta Shops, Italian, Coffee & Tea",13 First Ave,"Denville, NJ 07834",thepastashopdenville.com
Knotty Pine Pub,https://www.yelp.com/biz/knotty-pine-pub-wharton?osq=Restaurants,4.5,"$Pubs, Chicken Wings, American (Traditional)",242 E Union Tpke,"Wharton, NJ 07885",knottypinepub.com
JA Spice Island Jerk and American Food,https://www.yelp.com/biz/ja-spice-island-jerk-and-american-food-netcong?osq=Restaurants,4.5,Caribbean,67 Main St,"Netcong, NJ 07857",Www.jaspice.com
Bruno’s Italian Bistro,https://www.yelp.com/biz/brunos-italian-bistro-morris-plains?osq=Restaurants,4.5,$$Italian,2900 NJ-10,"Morris Plains, NJ 07950",brunositalianbistronj.com
Tabor Road Tavern,https://www.yelp.com/biz/tabor-road-tavern-morris-plains?osq=Restaurants,3.5,$$$American (New),510 Tabor Rd,"Morris Plains, NJ 07950",taborroadtavern.com
Lotus Thai Cuisine,https://www.yelp.com/biz/lotus-thai-cuisine-randolph?osq=Restaurants,4,$$Thai,540 State Hwy 10 W,"Randolph, NJ 07869",thelotusthai.com
New Horizon Chinese Restaurant,https://www.yelp.com/biz/new-horizon-chinese-restaurant-randolph?osq=Restaurants,4,$Chinese,124 State Route 10,"Randolph, NJ 07869",
Caffe Navona,https://www.yelp.com/biz/caffe-navona-rockaway-2?osq=Restaurants,4.5,"$$$Italian, Wine Bars, Cafes",147 Us Hwy 46,"Rockaway, NJ 07866",caffenavona.com
Miller’s Ale House - Rockaway,https://www.yelp.com/biz/millers-ale-house-rockaway-rockaway-2?osq=Restaurants,3.5,"$$Sports Bars, American (Traditional), Seafood",325 Mt Pleasant Ave,"Rockaway, NJ 07866",millersalehouse.com
Cheek’s Chicken,https://www.yelp.com/biz/cheeks-chicken-rockaway?osq=Restaurants,4,Chicken Shop,286 Rt 46 E,"Rockaway, NJ 07866",cheeksnj.com
Istanbul Turkish Mediterranean Cuisine,https://www.yelp.com/biz/istanbul-turkish-mediterranean-cuisine-flanders-2?osq=Restaurants,4,"$$Turkish, Mediterranean",286 US 206,"Flanders, NJ 07836",istanbulcuisinenj.com
Cinders Wood Fire Grill,https://www.yelp.com/biz/cinders-wood-fire-grill-mine-hill-township?osq=Restaurants,3.5,"$$Tapas/Small Plates, American (New), Cocktail Bars",319 US 46,"Mine Hill Township, NJ 07803",cinderswoodfiregrill.com
Rocco’s Burgers Dogs and Fries,https://www.yelp.com/biz/roccos-burgers-dogs-and-fries-roxbury-township?osq=Restaurants,4.5,"Burgers, Hot Dogs",405 US-46,"Roxbury Township, NJ 07847",roccos-burgers-dogs-and-fries.…
Pren Kitchen,https://www.yelp.com/biz/pren-kitchen-chester?osq=Restaurants,5,"$$Comfort Food, American (Traditional), Desserts",52 Main StSte 1 ,"Chester, NJ 07930",prenkitchen.com
Carmel Haifa,https://www.yelp.com/biz/carmel-haifa-morris-plains?osq=Restaurants,4.5,"$Middle Eastern, Mediterranean",682 Speedwell Ave,"Morris Plains, NJ 07950",carmelhaifa.com
South + Pine American Eatery,https://www.yelp.com/biz/south-pine-american-eatery-morristown?osq=Restaurants,4,$$$American (New),90 South St,"Morristown, NJ 07960",southandpine.com
Fig & Lily Garden,https://www.yelp.com/biz/fig-and-lily-garden-morristown-2?osq=Restaurants,4,$$Mediterranean,2 Cattano Ave,"Morristown, NJ 07960",figandlilygarden.com
Taqueria Pancho Villa,https://www.yelp.com/biz/taqueria-pancho-villa-dover?osq=Restaurants,4.5,$Mexican,7 N Essex St,"Dover, NJ 07801",
Cinnamon,https://www.yelp.com/biz/cinnamon-morris-plains?osq=Restaurants,4,$$Indian,2920 State Route 10,"Morris Plains, NJ 07950",cinnamonindianrestaurant.com
Beanbury,https://www.yelp.com/biz/beanbury-succasunna?osq=Restaurants,5,"Coffee & Tea, Breakfast & Brunch",37 Route 10 E,"Succasunna, NJ 07876",beanburycoffee.com
Bucky’s,https://www.yelp.com/biz/buckys-rockaway-township?osq=Restaurants,5,Buffets,Picatinny ArsenalBldg 337 ,"Rockaway Township, NJ 07806",
Jai-Alai,https://www.yelp.com/biz/jai-alai-dover?osq=Restaurants,4,$$$Spanish,73 W Blackwell St,"Dover, NJ 07801",jaialairestaurant.com
H2Ocean Restaurant & Raw Bar,https://www.yelp.com/biz/h2ocean-restaurant-and-raw-bar-cedar-knolls-2?osq=Restaurants,4,"$$$American (New), Seafood, Bars",41 Ridgedale Ave,"Cedar Knolls, NJ 07927",h2oceanrestaurant.com
Hunan Taste Chinese Restaurant,https://www.yelp.com/biz/hunan-taste-chinese-restaurant-denville-2?osq=Restaurants,4,"$$Chinese, Seafood, Soup",67 Bloomfield Ave,"Denville, NJ 07834",hunantaste.com
The Alibi Beach Bar,https://www.yelp.com/biz/the-alibi-beach-bar-stanhope?osq=Restaurants,4,"Bars, American (Traditional)",172 Lackawanna Dr,"Stanhope, NJ 07874",alibibeachbar.com
Riviera Maya,https://www.yelp.com/biz/riviera-maya-rockaway?osq=Restaurants,3.5,$$Mexican,116 Rt 46 E,"Rockaway, NJ 07866",rivieramayanj.com
La Bamba Grill,https://www.yelp.com/biz/la-bamba-grill-dover?osq=Restaurants,4.5,Mexican,150 E McFarlan St,"Dover, NJ 07801",bambagrill.com
Bollywood Grill 2,https://www.yelp.com/biz/bollywood-grill-2-morris-plains?osq=Restaurants,4,Indian,1729 NJ-10 E,"Morris Plains, NJ 07950",bollywoodgrill.net
Table 42,https://www.yelp.com/biz/table-42-dover?osq=Restaurants,4,"$$Italian, Bars, Pizza",42 N Sussex St,"Dover, NJ 07801",table42dover.com
Thai Kitchen,https://www.yelp.com/biz/thai-kitchen-chester?osq=Restaurants,4,$$Thai,320 US Hwy 206 S,"Chester, NJ 07930",thaikitchenchester.com
The Clay Oven Indian Restaurant,https://www.yelp.com/biz/the-clay-oven-indian-restaurant-ledgewood?osq=Restaurants,4,$$Indian,1140 Rt 46,"Ledgewood, NJ 07852",theclayoven.com
Sapori D’Italia,https://www.yelp.com/biz/sapori-d-italia-mendham?osq=Restaurants,5,"$$Pizza, Italian",7 West Main St.,"Mendham, NJ 07945",
Madame Thai Cuisine,https://www.yelp.com/biz/madame-thai-cuisine-morristown?osq=Restaurants,4.5,$$Thai,3 Pine St,"Morristown, NJ 07960",madamethainj.com
NJ Bar & Grill,https://www.yelp.com/biz/nj-bar-and-grill-mine-hill?osq=Restaurants,3.5,"$$Bars, American (New)",100 Randolph Ave,"Mine Hill, NJ 07803",njbarandgrill.com
Asian Diner,https://www.yelp.com/biz/asian-diner-roxbury-township?osq=Restaurants,4,$$Asian Fusion,1691 Rt 46,"Roxbury Township, NJ 07852",asiandinerrestaurantnj.com
Bell’s Mansion,https://www.yelp.com/biz/bells-mansion-stanhope?osq=Restaurants,3.5,$$American (New),11 Main St,"Stanhope, NJ 07874",bellsmansion.com
Indian Aroma,https://www.yelp.com/biz/indian-aroma-rockaway?osq=Restaurants,4.5,"$$Indian, Desserts",222 Route 46Walgreens Shopping Ctr ,"Rockaway, NJ 07866",indianaromarestaurant.com
Charlotte’s Web Inn,https://www.yelp.com/biz/charlottes-web-inn-dover?osq=Restaurants,4,$$Italian,39 W Clinton St,"Dover, NJ 07801",charlotteswebinn.com
Azteca Mexican Restaurant,https://www.yelp.com/biz/azteca-mexican-restaurant-dover?osq=Restaurants,4.5,$$Mexican,17 E Blackwell St,"Dover, NJ 07801",
Las Tres Marias,https://www.yelp.com/biz/las-tres-marias-dover-2?osq=Restaurants,4,$$Peruvian,88 N Sussex St,"Dover, NJ 07801",
Don Jose Mexican Restaurant,https://www.yelp.com/biz/don-jose-mexican-restaurant-netcong?osq=Restaurants,3.5,$$Mexican,124 US 46 E,"Netcong, NJ 07857",donjosemexican.com
Forte Pizzeria & Ristorante,https://www.yelp.com/biz/forte-pizzeria-and-ristorante-randolph?osq=Restaurants,3.5,"$$Pizza, Italian",486 Rt 10,"Randolph, NJ 07869",fortepizzeria.com
Sergio & Co Italian Specialties,https://www.yelp.com/biz/sergio-and-co-italian-specialties-denville?osq=Restaurants,4.5,$$Italian,28 Broadway,"Denville, NJ 07834",sergioandco.com
Blossom Asian Bistro,https://www.yelp.com/biz/blossom-asian-bistro-mount-arlington?osq=Restaurants,4,"$$Sushi Bars, Thai, Chinese",181 Howard BlvdSte G ,"Mount Arlington, NJ 07856",blossomasianbistronj.com
Chick-fil-A,https://www.yelp.com/biz/chick-fil-a-morris-plains-6?osq=Restaurants,3.5,$Fast Food,1711 Nj-10,"Morris Plains, NJ 07950",chick-fil-a.com
Hummus Grill,https://www.yelp.com/biz/hummus-grill-wharton?osq=Restaurants,4,"Mediterranean, Halal",301 Mt Hope Ave,"Wharton, NJ 07885",
Casa De Pasta,https://www.yelp.com/biz/casa-de-pasta-randolph?osq=Restaurants,3.5,$$Italian,1438 Sussex Tpke,"Randolph, NJ 07869",casadepastanj.com
Bistro 46,https://www.yelp.com/biz/bistro-46-morristown?osq=Restaurants,4.5,"American (New), Desserts, Mediterranean",12 Elm St,"Morristown, NJ 07960",bistro46morristown.com
Verde Ristorante,https://www.yelp.com/biz/verde-ristorante-morris-plains?osq=Restaurants,4,$$Italian,1012 Tabor Rd,"Morris Plains, NJ 07950",verderistorante.com
Pop’s Chicken,https://www.yelp.com/biz/pops-chicken-wharton?osq=Restaurants,4,"$Comfort Food, American (Traditional), Chicken Wings",392 N Main St,"Wharton, NJ 07885",popschickentogo.com
Redwood’s Grill & Bar,https://www.yelp.com/biz/redwoods-grill-and-bar-chester?osq=Restaurants,3.5,"$$Bars, American (Traditional)",459 Main St,"Chester, NJ 07930",redwoodsgrillandbar.com
Rocky’s Pasties,https://www.yelp.com/biz/rockys-pasties-wharton?osq=Restaurants,5,$British,47 Robert StRocky's Food Store ,"Wharton, NJ 07885",rockyspasties.com
Tequilas 55,https://www.yelp.com/biz/tequilas-55-dover?osq=Restaurants,4.5,"$Cocktail Bars, Mexican",55 E Blakwell St,"Dover, NJ 07801",tequilas55.com
Café Fiori,https://www.yelp.com/biz/caf%C3%A9-fiori-randolph-3?osq=Restaurants,3.5,"$$Italian, Diners",477 Rt 10 E,"Randolph, NJ 07869",cafefiorinj.com
The Committed Pig,https://www.yelp.com/biz/the-committed-pig-morristown?osq=Restaurants,4,"$$Breakfast & Brunch, Burgers, Salad",28 W Park Pl,"Morristown, NJ 07960",thecommittedpig.com
The Black Horse Tavern & Pub,https://www.yelp.com/biz/the-black-horse-tavern-and-pub-mendham-3?osq=Restaurants,3,"$$American (Traditional), Pubs",1 W Main St,"Mendham, NJ 07945",blackhorsenj.com
Anthony & Sons Little Italy,https://www.yelp.com/biz/anthony-and-sons-little-italy-succasunna?osq=Restaurants,4,"$$Italian, Bakeries, Delis",15 Rte 10 E,"Succasunna, NJ 07876",anthonyandsonsbakery.com
Casa Bella,https://www.yelp.com/biz/casa-bella-denville?osq=Restaurants,4,$$Italian,300 US Hwy 46,"Denville, NJ 07834",casabella46.com
Ashirwad Palace,https://www.yelp.com/biz/ashirwad-palace-randolph?osq=Restaurants,4.5,"$$Indian, Venues & Event Spaces",169 S Salem St,"Randolph, NJ 07869",ashirwadpalace.com
Mizuki Asian Fusion and Hibachi,https://www.yelp.com/biz/mizuki-asian-fusion-and-hibachi-ledgewood-2?osq=Restaurants,4,"$$Asian Fusion, Japanese, Sushi Bars",1033 Rt 46,"Ledgewood, NJ 07852",asianmizukinj.com
Giancarlos Bakery & Pastry Shop,https://www.yelp.com/biz/giancarlos-bakery-and-pastry-shop-ledgewood?osq=Restaurants,4.5,"$Bakeries, Delis, Pizza",410 Rte 10Ste 10 ,"Ledgewood, NJ 07852",giancarlosbakery.com
Mondo Pizza Restaurant and Catering,https://www.yelp.com/biz/mondo-pizza-restaurant-and-catering-randolph?osq=Restaurants,4,Pizza,540 Route 10 W,"Randolph, NJ 07869",mondopizzanj.com
Grato,https://www.yelp.com/biz/grato-morris-plains-3?osq=Restaurants,4,$$Italian,2230 Rt 10 W,"Morris Plains, NJ 07950",gratorestaurant.com
Pizza Palace,https://www.yelp.com/biz/pizza-palace-randolph?osq=Restaurants,4,$Pizza,1169 Sussex Tpke,"Randolph, NJ 07869",
El Marino,https://www.yelp.com/biz/el-marino-dover?osq=Restaurants,4,$$Peruvian,130 Mount Hope Ave,"Dover, NJ 07801",
Mostly Grill Indian fusion cuisine,https://www.yelp.com/biz/mostly-grill-indian-fusion-cuisine-rockaway-4?osq=Restaurants,4.5,"Indian, Vegetarian, Seafood",286 Rte 46 E,"Rockaway, NJ 07866",Mostlygrill.com
Polo’s Bar & Grill,https://www.yelp.com/biz/polos-bar-and-grill-netcong?osq=Restaurants,4,"$$Sports Bars, Burgers, American (Traditional)",50 State Rt 183,"Netcong, NJ 07857",polosbarandgrill.com
Delicias Latinas,https://www.yelp.com/biz/delicias-latinas-morris-plains?osq=Restaurants,4.5,Mexican,643 Speedwell Ave,"Morris Plains, NJ 07950",deliciaslatinasmp.com
Sammy’s Ye Old Cider Mill,https://www.yelp.com/biz/sammys-ye-old-cider-mill-mendham?osq=Restaurants,3,$$$Steakhouses,353 Mendham Rd W,"Mendham, NJ 07945",sammyscidermill.com
Taste of India,https://www.yelp.com/biz/taste-of-india-flanders?osq=Restaurants,4.5,$$Indian,286 Route 206 S,"Flanders, NJ 07836",tasteofindianj.com
Bombay Curry Pizza,https://www.yelp.com/biz/bombay-curry-pizza-denville?osq=Restaurants,5,Pizza,123 East Main Street Denville Nj 07834,"Denville, NJ 07834",jimmytomatospizzeria.com/menu.…
Vavo Cafe,https://www.yelp.com/biz/vavo-cafe-randolph?osq=Restaurants,4.5,"Coffee & Tea, Mediterranean, Breakfast & Brunch",1250 Sussex Turnpike,"Randolph, NJ 07869",vavocafe.com
Dover Grill,https://www.yelp.com/biz/dover-grill-dover?osq=Restaurants,4,"$Burgers, Hot Dogs, Cheesesteaks",240 Rt 46 E,"Dover, NJ 07801",
Miga Sushi,https://www.yelp.com/biz/miga-sushi-denville?osq=Restaurants,4,"$$Japanese, Sushi Bars",559 E Main St,"Denville, NJ 07834",migasushi.com
Rinconcito Peruano,https://www.yelp.com/biz/rinconcito-peruano-wharton?osq=Restaurants,4,"$$Latin American, Peruvian, Seafood",17 N Main St,"Wharton, NJ 07885",
Saigon Subs & Café,https://www.yelp.com/biz/saigon-subs-and-caf%C3%A9-morristown-3?osq=Restaurants,5,"$Vietnamese, Bubble Tea, Sandwiches",98 Elm St,"Morristown, NJ 07960",saigonsubscafe.com
Thatcher McGhee’s,https://www.yelp.com/biz/thatcher-mcghees-denville-2?osq=Restaurants,3.5,"$$Irish, Bars, American (New)",53 Broadway,"Denville, NJ 07834",thatchermcghees.com/denville
Sabor A Mexico,https://www.yelp.com/biz/sabor-a-mexico-rockaway?osq=Restaurants,4,Mexican,6 Wall St,"Rockaway, NJ 07866",saboramexico.net
Arthur’s Tavern,https://www.yelp.com/biz/arthurs-tavern-morris-plains?osq=Restaurants,3.5,"$$Pubs, Steakhouses, American (Traditional)",700 Speedwell Ave,"Morris Plains, NJ 07950",arthurstavern.com
Sabor Latino,https://www.yelp.com/biz/sabor-latino-dover?osq=Restaurants,4,"$$Colombian, Bars",44 N Morris St,"Dover, NJ 07801",saborlatinodovernj.net
"A&B Bagel, Deli, and Grill II",https://www.yelp.com/biz/a-and-b-bagel-deli-and-grill-ii-randolph?osq=Restaurants,4.5,"$Bagels, Italian",1206 Sussex Tpke,"Randolph, NJ 07869",abbagel.com
Golden Burrito Mexican Spot,https://www.yelp.com/biz/golden-burrito-mexican-spot-flanders?osq=Restaurants,3.5,$$Mexican,286 Rte 206 S,"Flanders, NJ 07836",orderburrito.com
Marjan Fine Persian Grill,https://www.yelp.com/biz/marjan-fine-persian-grill-morristown-2?osq=Restaurants,4,$$Persian/Iranian,84 Speedwell Ave,"Morristown, NJ 07960",marjanpersiangrill.com
Rockaway River Barn,https://www.yelp.com/biz/rockaway-river-barn-rockaway?osq=Restaurants,3,"$$American (New), Burgers, Sports Bars",11 Green Pond Rd,"Rockaway, NJ 07866",rockawayriverbarn.com
Code 593 Cafe,https://www.yelp.com/biz/code-593-cafe-wharton?osq=Restaurants,4.5,"Cafes, Latin American",2 S Main St,"Wharton, NJ 07885",
Olive Lucy’s Kitchen Table,https://www.yelp.com/biz/olive-lucys-kitchen-table-morristown?osq=Restaurants,4,"$$$Portuguese, Italian",52 Speedwell Ave,"Morristown, NJ 07960",olivelucys.com
Golden Unicorn Restaurant,https://www.yelp.com/biz/golden-unicorn-restaurant-dover?osq=Restaurants,4.5,$Chinese,265 E Blackwell St,"Dover, NJ 07801",
American Bbq Co Inc,https://www.yelp.com/biz/american-bbq-co-inc-denville?osq=Restaurants,4.5,"$Caterers, American (New)",94-1 Ford Rd,"Denville, NJ 07834",americanbbqco.com
Burrini’s Old World Market,https://www.yelp.com/biz/burrinis-old-world-market-mount-freedom?osq=Restaurants,3.5,"$$Meat Shops, Caterers, Delis",1204 Sussex Tpke,"Mount Freedom, NJ 07970",burrinis.com
Hibiscus Island Grill,https://www.yelp.com/biz/hibiscus-island-grill-morristown-3?osq=Restaurants,4,"$$Caribbean, American (New), Soul Food",21 Spring St,"Morristown, NJ 07960",hibiscuscuisine.com
House of Biryani’s and Kebabs,https://www.yelp.com/biz/house-of-biryanis-and-kebabs-denville?osq=Restaurants,4,"$$Indian, Kebab",315 US-46,"Denville, NJ 07834",hbkdenville.com
Tacoria,https://www.yelp.com/biz/tacoria-morristown-2?osq=Restaurants,4,$$Tacos,52 South St,"Morristown, NJ 07960",tacoria.com
Antimo’s Pizzeria & Restaurant,https://www.yelp.com/biz/antimos-pizzeria-and-restaurant-randolph?osq=Restaurants,4,"$$Italian, Pizza",1275 Sussex Tpke,"Randolph, NJ 07869",antimospizzeria.com
Aoyama,https://www.yelp.com/biz/aoyama-mendham?osq=Restaurants,4,"$$Japanese, Chinese, Sushi Bars",84 E Main StSte L ,"Mendham, NJ 07945",aoyamanj.com
OoLaLa! Vietnamese Kitchen,https://www.yelp.com/biz/oolala-vietnamese-kitchen-morris-plains?osq=Restaurants,3.5,"$Asian Fusion, Vietnamese, Sandwiches",2569 Rt 10 E,"Morris Plains, NJ 07950",oolalavietkitchen.com
The Canal House,https://www.yelp.com/biz/the-canal-house-wharton?osq=Restaurants,3.5,"$$American (Traditional), Bars",47 Kossuth St,"Wharton, NJ 07885",canalhousenj.com
Town Bar + Kitchen,https://www.yelp.com/biz/town-bar-kitchen-morristown-3?osq=Restaurants,3.5,"$$American (New), Bars",80 Elm St,"Morristown, NJ 07960",townbarandkitchen.com
Twist On Thai Cafe,https://www.yelp.com/biz/twist-on-thai-cafe-hopatcong?osq=Restaurants,4.5,$$Thai,430 River Styx Rd,"Hopatcong, NJ 07843",twistonthai.com
Yummy Taste Chinese Restaurant,https://www.yelp.com/biz/yummy-taste-chinese-restaurant-succasunna?osq=Restaurants,3.5,$$Chinese,692 US Highway 46 N,"Succasunna, NJ 07876",
Loving Hut,https://www.yelp.com/biz/loving-hut-roxbury-township?osq=Restaurants,3.5,"$$Vegan, Vietnamese",538 Rt 10 W,"Roxbury Township, NJ 07852",lovinghut.us
Freshii,https://www.yelp.com/biz/freshii-morris-plains?osq=Restaurants,5,"Salad, Wraps, Juice Bars & Smoothies",1767 Rte 10 E,"Morris Plains, NJ 07950",freshii.com
Malay,https://www.yelp.com/biz/malay-morristown?osq=Restaurants,4,"$$Thai, Malaysian, Asian Fusion",147 Morris St,"Morristown, NJ 07960",malaymorristown.com
La Forchetta,https://www.yelp.com/biz/la-forchetta-wharton?osq=Restaurants,4,"$$Pizza, Italian",350 N Main StSte 5 ,"Wharton, NJ 07885",laforchettanj.com
Jockey Hollow Bar & Kitchen,https://www.yelp.com/biz/jockey-hollow-bar-and-kitchen-morristown?osq=Restaurants,3.5,"$$$$Bars, American (New), Italian",110 South St,"Morristown, NJ 07960",jockeyhollowbarandkitchen.com
Sushi Hana Japanese Restaurant,https://www.yelp.com/biz/sushi-hana-japanese-restaurant-succasunna?osq=Restaurants,3.5,"$$Japanese, Sushi Bars",15 State Route 10 E,"Succasunna, NJ 07876",sushihananj.com
La Cucina,https://www.yelp.com/biz/la-cucina-denville?osq=Restaurants,4,$$Italian,278 Diamond Spring Rd,"Denville, NJ 07834",lacucina-denville.com
Sandi’s,https://www.yelp.com/biz/sandis-morristown-3?osq=Restaurants,3.5,Soul Food,82 Speedwell Ave,"Morristown, NJ 07960",sandissoulbites.com
Redwoods Catering,https://www.yelp.com/biz/redwoods-catering-chester?osq=Restaurants,5,"Restaurants, Caterers",459 Main St,"Chester, NJ 07930",
Alonsos Steak House,https://www.yelp.com/biz/alonsos-steak-house-dover?osq=Restaurants,4,$$Steakhouses,330 S Salem St,"Dover, NJ 07801",alonsossteakhouse.com
Nori Sushi,https://www.yelp.com/biz/nori-sushi-rockaway?osq=Restaurants,4,"$Japanese, Sushi Bars",301 Mount Hope Ave,"Rockaway, NJ 07801",
Chef Fredy’s Table,https://www.yelp.com/biz/chef-fredys-table-morristown?osq=Restaurants,4,$$$American (New),78 Speedwell Ave,"Morristown, NJ 07960",cheffredystable.com
Piattino: A Neighborhood Bistro,https://www.yelp.com/biz/piattino-a-neighborhood-bistro-mendham-5?osq=Restaurants,4,"$$Italian, Pizza, Wine Bars",88 E Main St,"Mendham, NJ 07945",piattinonj.com
Praderas,https://www.yelp.com/biz/praderas-dover?osq=Restaurants,4,$$Latin American,60 N Sussex St,"Dover, NJ 07801",
Brick 46,https://www.yelp.com/biz/brick-46-rockaway?osq=Restaurants,3.5,"$$American (New), Pizza, Italian",68 US Hwy 46,"Rockaway, NJ 07866",brick46.com
Sandwiches Unlimited Lunch Box,https://www.yelp.com/biz/sandwiches-unlimited-lunch-box-ledgewood?osq=Restaurants,4,$Sandwiches,1034 US Hwy 46,"Ledgewood, NJ 07852",sandwichesunlimitedlunchbox.co…
Alfa Bagels,https://www.yelp.com/biz/alfa-bagels-randolph-2?osq=Restaurants,4,"$Bagels, American (Traditional)",587 State Rt 10,"Randolph, NJ 07869",alfabagels.com
Dante’s Italian Cuisine & Brick Oven Specialty Pizza,https://www.yelp.com/biz/dantes-italian-cuisine-and-brick-oven-specialty-pizza-wharton-2?osq=Restaurants,4,$$Pizza,488 Mt Hope Rd,"Wharton, NJ 07885",dantesitaliancuisine.com
Laku Sushi,https://www.yelp.com/biz/laku-sushi-morristown-3?osq=Restaurants,4.5,"$$Japanese, Korean, Sushi Bars",30 Lafayette Ave,"Morristown, NJ 07960",lakusushi.com
Veggie Heaven,https://www.yelp.com/biz/veggie-heaven-denville?osq=Restaurants,4.5,"$$Chinese, Sushi Bars, Salad",57 Bloomfield Ave,"Denville, NJ 07834",veggieheavennj.com
Altoque Colombian food,https://www.yelp.com/biz/altoque-colombian-food-dover?osq=Restaurants,4,Colombian,7 Bassett Hwy,"Dover, NJ 07801",
Artista Salumeria,https://www.yelp.com/biz/artista-salumeria-chester?osq=Restaurants,4,"$$Delis, Cheese Shops, Meat Shops",423 Main St,"Chester, NJ 07930",artistasalumeria.com
Chico’s Mexican Grill,https://www.yelp.com/biz/chicos-mexican-grill-denville?osq=Restaurants,3.5,$$Mexican,559 E Main StSte 10 ,"Denville, NJ 07834",chicosmexicangrill.com
L & L Deli & Catering,https://www.yelp.com/biz/l-and-l-deli-and-catering-mine-hill?osq=Restaurants,4.5,"$$Delis, Sandwiches",264 US Highway 46,"Mine Hill, NJ 07803",landldelinj.com
Rose’s Luncheonette,https://www.yelp.com/biz/roses-luncheonette-succasunna?osq=Restaurants,4.5,"$Breakfast & Brunch, Diners",431 US Hwy 46 N,"Succasunna, NJ 07876",
Sabretti’s Hot Dogs,https://www.yelp.com/biz/sabrettis-hot-dogs-ledgewood?osq=Restaurants,4,$Hot Dogs,1451 Route 46 W,"Ledgewood, NJ 07852",sabrettis.com
Theodoras Family Restaurant and Pizza,https://www.yelp.com/biz/theodoras-family-restaurant-and-pizza-wharton?osq=Restaurants,4,"$$Italian, Pizza, Greek",336 S Main St,"Wharton, NJ 07885",TheodorasRestaurantPizza.com
Damo Eating,https://www.yelp.com/biz/damo-eating-landing?osq=Restaurants,4.5,"Sushi Bars, Chinese",149 Lakeside Blvd,"Landing, NJ 07850",damoeating.com
Germania Park,https://www.yelp.com/biz/germania-park-rockaway-township?osq=Restaurants,4.5,"German, Bars",56 Conger St,"Rockaway Township, NJ 07801",germaniapark.com
Mamma Caterina,https://www.yelp.com/biz/mamma-caterina-randolph?osq=Restaurants,3.5,"$Pizza, Italian",1250 Sussex Turnpike,"Randolph, NJ 07869",mammacaterinapizza.com
Mega BBQ,https://www.yelp.com/biz/mega-bbq-morristown?osq=Restaurants,4,"Barbeque, Desserts, Sandwiches",75 Spring St,"Morristown, NJ 07960",
Bally Dar,https://www.yelp.com/biz/bally-dar-mine-hill?osq=Restaurants,3.5,$Chinese,273 US Hwy 46,"Mine Hill, NJ 07803",ballydar.com
Alice’s - Temp. CLOSED,https://www.yelp.com/biz/alices-lake-hopatcong-2?osq=Restaurants,3.5,"$$American (New), American (Traditional), Beer Bar",24 Nolans Point Park Rd,"Lake Hopatcong, NJ 07849",alicesrestaurantnj.com
The Pizza Pub Restaurant,https://www.yelp.com/biz/the-pizza-pub-restaurant-ironia?osq=Restaurants,3.5,"$$Pizza, Italian, Pasta Shops",395 Dover Chester Rd,"Ironia, NJ 07845",pizzapubrestaurant.com
Colonial Pantry,https://www.yelp.com/biz/colonial-pantry-mendham?osq=Restaurants,5,$Delis,5 W Main St,"Mendham, NJ 07945",
The Cheesecake Factory,https://www.yelp.com/biz/the-cheesecake-factory-rockaway?osq=Restaurants,2.5,"$$Desserts, American (Traditional)",301 Mount Hope AveSte 1013B ,"Rockaway, NJ 07866",thecheesecakefactory.com
Fresco Mexican,https://www.yelp.com/biz/fresco-mexican-chester-2?osq=Restaurants,3.5,"$$Mexican, Soup",137 Main St,"Chester, NJ 07930",frescomexican.com
Gusto 46,https://www.yelp.com/biz/gusto-46-mine-hill?osq=Restaurants,4,"$Pizza, Italian, Barbeque",271 US Hwy 46,"Mine Hill, NJ 07803",gusto46.com
Hunan Chinese Room,https://www.yelp.com/biz/hunan-chinese-room-morris-plains?osq=Restaurants,3.5,$$Chinese,255 Speedwell Ave,"Morris Plains, NJ 07950",
Ruth’s Chris Steak House,https://www.yelp.com/biz/ruths-chris-steak-house-parsippany?osq=Restaurants,4,"$$$Steakhouses, Seafood, Wine Bars",1 Hilton Ct,"Parsippany, NJ 07054",ruthschris.com
Paisano’s Pizzeria,https://www.yelp.com/biz/paisano-s-pizzeria-randolph?osq=Restaurants,3,"Pizza, Italian, Wraps",138 Center Grove RdWeis Shopping Center ,"Randolph, NJ 07869",paisanospizzanj.com
Cafe Metro,https://www.yelp.com/biz/cafe-metro-denville?osq=Restaurants,3.5,"$$Vegetarian, Seafood",60 Diamond Spring Rd,"Denville, NJ 07834",thecafemetro.com
The Tuscan Table,https://www.yelp.com/biz/the-tuscan-table-denville?osq=Restaurants,4,$$Italian,28 Diamond Spring Rd,"Denville, NJ 07834",thetuscantabledenville.com
Casa D Pizza,https://www.yelp.com/biz/casa-d-pizza-denville-3?osq=Restaurants,4,"$$Pizza, Italian",276 E Main St,"Denville, NJ 07834",casadpizzadenville.com
Tierras y Sabores Restaurant,https://www.yelp.com/biz/tierras-y-sabores-restaurant-dover?osq=Restaurants,4.5,$Colombian,39 W Blackwell StSte 1 ,"Dover, NJ 07801",tierrasysabores.net
Little Nicki’s,https://www.yelp.com/biz/little-nickis-lake-hopatcong?osq=Restaurants,4,"$$Italian, Pizza, Seafood",120 Brady Rd,"Lake Hopatcong, NJ 07849",
Patrick’s Pub,https://www.yelp.com/biz/patricks-pub-hopatcong?osq=Restaurants,3.5,"$$Irish Pub, American (Traditional)",470 River Styx Rd,"Hopatcong, NJ 07843",patrickspub.net
The 53 Grill,https://www.yelp.com/biz/the-53-grill-denville?osq=Restaurants,4.5,"$Delis, Caterers, Cafes",383 E Main St,"Denville, NJ 07834",
Espanong Market,https://www.yelp.com/biz/espanong-market-lake-hopatcong?osq=Restaurants,5,Delis,327 Espanong Rd,"Lake Hopatcong, NJ 07849",
Delikosositas Colombian Bakery and Cafe,https://www.yelp.com/biz/delikosositas-colombian-bakery-and-cafe-rockaway?osq=Restaurants,4,"$Colombian, Bakeries",337 US-46,"Rockaway, NJ 07866",
The Grand Cafe,https://www.yelp.com/biz/the-grand-cafe-morristown?osq=Restaurants,4,"$$$American (New), French, Salad",42 Washington St,"Morristown, NJ 07960",thegrandcafe.com
LongHorn Steakhouse,https://www.yelp.com/biz/longhorn-steakhouse-flanders-2?osq=Restaurants,3.5,"$$Steakhouses, American (Traditional), Barbeque",50-J International Dr S,"Flanders, NJ 07836",LongHornSteakhouse.com
Yokohama Sushi,https://www.yelp.com/biz/yokohama-sushi-ledgewood?osq=Restaurants,4.5,Japanese,1013 US 46 And Howard Blvd,"Ledgewood, NJ 07852",
Bill’s Luncheonette,https://www.yelp.com/biz/bills-luncheonette-chester?osq=Restaurants,4.5,"$Breakfast & Brunch, Sandwiches, Burgers",455 North Rd,"Chester, NJ 07930",billsluncheonette.com
Luzzi’s Hibernia Inn,https://www.yelp.com/biz/luzzis-hibernia-inn-rockaway-2?osq=Restaurants,4,"$$Italian, Wine Bars",439 Green Pond Rd,"Rockaway, NJ 07866",luzzishiberniainn.com
Las Brisaz,https://www.yelp.com/biz/las-brisaz-dover?osq=Restaurants,4.5,Salvadoran,29 E Blackwell St,"Dover, NJ 07801",
Fuddruckers,https://www.yelp.com/biz/fuddruckers-succasunna?osq=Restaurants,4,"$$Burgers, American (Traditional)",275 Rt 10,"Succasunna, NJ 07876",fuddruckers.com
The Colonial Grill,https://www.yelp.com/biz/the-colonial-grill-morristown?osq=Restaurants,5,"$Food Trucks, Colombian, Burgers",3 W Park Pl,"Morristown, NJ 07960",
Brooklyn Bagel & Deli,https://www.yelp.com/biz/brooklyn-bagel-and-deli-randolph?osq=Restaurants,3.5,"$Delis, Bagels, Sandwiches",517 E Rte 10,"Randolph, NJ 07869",brooklynbagelanddelinj.com
La Costilla De Pedro,https://www.yelp.com/biz/la-costilla-de-pedro-dover?osq=Restaurants,4,$$Colombian,57 N Sussex St,"Dover, NJ 07801",
TGI Fridays,https://www.yelp.com/biz/tgi-fridays-ledgewood?osq=Restaurants,2,$$American (Traditional),1103 Route 46,"Ledgewood, NJ 07852",Find a Table
Benito’s Jersey Curbside Eats,https://www.yelp.com/biz/benitos-jersey-curbside-eats-flanders?osq=Restaurants,4.5,"Food Trucks, Italian","Flanders, NJ 07836","Flanders, NJ 07836",benitosjce.com
Marino’s Cafe,https://www.yelp.com/biz/marinos-cafe-dover?osq=Restaurants,3.5,$$Peruvian,90 Belmont Ave,"Dover, NJ 07801",elmarinoscafe.com
End of Elm,https://www.yelp.com/biz/end-of-elm-morristown?osq=Restaurants,3.5,"$$American (New), Tapas/Small Plates, Cocktail Bars",140 Morris St,"Morristown, NJ 07960",endofelm.com
The Exchange,https://www.yelp.com/biz/the-exchange-rockaway?osq=Restaurants,3.5,$$American (Traditional),160 E Main St,"Rockaway, NJ 07866",exchangefood.com
Revolution,https://www.yelp.com/biz/revolution-morristown?osq=Restaurants,3.5,"$$Sandwiches, German, Sports Bars",9 South St,"Morristown, NJ 07960",revolutionmorristown.com
Szechuan Delite,https://www.yelp.com/biz/szechuan-delite-morris-plains?osq=Restaurants,4,$Chinese,44 Gibraltar Dr,"Morris Plains, NJ 07950",szechuandelitemorrisplains.com
Rod’s Steak & Seafood Grille,https://www.yelp.com/biz/rods-steak-and-seafood-grille-morristown-2?osq=Restaurants,3.5,"$$$Steakhouses, Seafood, American (New)",1 Convent Rd,"Morristown, NJ 07960",rodssteak.com
Red Lobster,https://www.yelp.com/biz/red-lobster-ledgewood-2?osq=Restaurants,3.5,"$$Seafood, American (Traditional)",303 Route 10 - Roxbury TownshipLedgewood Mall ,"Ledgewood, NJ 07852",redlobster.com
Office Tavern Grill,https://www.yelp.com/biz/office-tavern-grill-morristown-2?osq=Restaurants,3.5,"$$Bars, American (Traditional)",3 South St,"Morristown, NJ 07960",officetaverngrill.com
Anthony & Sons Bakery,https://www.yelp.com/biz/anthony-and-sons-bakery-denville-2?osq=Restaurants,4,"$$Bakeries, Delis, Grocery",20 Luger Rd,"Denville, NJ 07834",anthonyandsonsbakery.com
Three Brothers Restaurant,https://www.yelp.com/biz/three-brothers-restaurant-dover?osq=Restaurants,4.5,"$American (Traditional), Breakfast & Brunch",9 N Morris St,"Dover, NJ 07801",
L’eggo My Bagel,https://www.yelp.com/biz/l-eggo-my-bagel-kenvil?osq=Restaurants,4.5,"Bagels, Sandwiches",760 US-46,"Kenvil, NJ 07847",
Bagel Nosh,https://www.yelp.com/biz/bagel-nosh-rockaway?osq=Restaurants,4,"Bagels, Delis",399 US-46Route 46 West ,"Rockaway, NJ 07866",
Lung Yung Restaurant,https://www.yelp.com/biz/lung-yung-restaurant-succasunna?osq=Restaurants,3.5,"$$Chinese, Japanese, Seafood",275-50 Roxbury Mall,"Succasunna, NJ 07876",lungyungrestaurant.com
Fiamma Wood Fired Pizza,https://www.yelp.com/biz/fiamma-wood-fired-pizza-morristown-2?osq=Restaurants,4,"Pizza, Italian",47 S Park Pl,"Morristown, NJ 07960",fiammapizza.com
Outback Steakhouse,https://www.yelp.com/biz/outback-steakhouse-ledgewood?osq=Restaurants,3,$$Steakhouses,1070 US Highway 46,"Ledgewood, NJ 07852",outback.com
The Second Half On Main,https://www.yelp.com/biz/the-second-half-on-main-denville-4?osq=Restaurants,3.5,"$$American (Traditional), Bars",5 E Main StSte 15 ,"Denville, NJ 07834",secondhalfonmain.com
Pavinci Italian Grill,https://www.yelp.com/biz/pavinci-italian-grill-hopatcong?osq=Restaurants,2.5,$$Italian,453 River Styx Rd,"Hopatcong, NJ 07843",pavinci.com
Jefferson House,https://www.yelp.com/biz/jefferson-house-lake-hopatcong?osq=Restaurants,2,$$American (Traditional),139 Nolans Point Rd,"Lake Hopatcong, NJ 07849",jefferson-house.com
Olive Garden Italian Restaurant,https://www.yelp.com/biz/olive-garden-italian-restaurant-rockaway-4?osq=Restaurants,3,"$$Italian, Salad, Soup",323 Mt Hope Ave,"Rockaway, NJ 07866",OliveGarden.com
Sandwiches Unlimited Lunch Box,https://www.yelp.com/biz/sandwiches-unlimited-lunch-box-rockaway?osq=Restaurants,4,"$Delis, Sandwiches",Boro Plz350 US Hwy 46 ,"Rockaway, NJ 07866",sandwichesunlimitedlunchbox.co…
Market Tavern,https://www.yelp.com/biz/market-tavern-mount-olive-township?osq=Restaurants,3.5,"Pubs, American (New)",240 US-206Ste 1 ,"Mount Olive Township, NJ 07836",
Sogo Restaurant,https://www.yelp.com/biz/sogo-restaurant-denville-2?osq=Restaurants,3,"$$Japanese, Sushi Bars, Steakhouses",248 US Hwy 46 W,"Denville, NJ 07834",sogo.cc
The Stanhope House,https://www.yelp.com/biz/the-stanhope-house-stanhope?osq=Restaurants,3,"$$Jazz & Blues, Music Venues, American (Traditional)",45 Main St,"Stanhope, NJ 07874",stanhopehousenj.com
Deli Delicious,https://www.yelp.com/biz/deli-delicious-stanhope?osq=Restaurants,5,$Delis,44 Main St,"Stanhope, NJ 07874",
Mediterranean Grill,https://www.yelp.com/biz/mediterranean-grill-morristown-5?osq=Restaurants,4,"$$Mediterranean, Afghan, Halal",119 Morris St,"Morristown, NJ 07960",mediterraneangrillmotown.com
My Kitchen,https://www.yelp.com/biz/my-kitchen-rockaway?osq=Restaurants,4,"Buffets, American (Traditional)",301 Mount Hope AveSte 2101 ,"Rockaway, NJ 07866",
Bernie’s,https://www.yelp.com/biz/bernies-chester?osq=Restaurants,4,"$American (New), Music Venues",125 Hillside Rd,"Chester, NJ 07930",bernieshillside.com
Joe and Anthony’s Pizza,https://www.yelp.com/biz/joe-and-anthonys-pizza-mount-olive-township?osq=Restaurants,4.5,Pizza,30 International Dr SE1 ,"Mount Olive Township, NJ 07836",joeandanthonys.com
Mehndi,https://www.yelp.com/biz/mehndi-morristown-6?osq=Restaurants,4,$$Indian,3 Speedwell Ave,"Morristown, NJ 07960",mehndimorristown.com
Dante’s Ristorante,https://www.yelp.com/biz/dantes-ristorante-mendham?osq=Restaurants,4,"$$Pizza, Italian, Breakfast & Brunch",100 E Main St,"Mendham, NJ 07945",dantesnj.com
Collins Pub Morris Plains,https://www.yelp.com/biz/collins-pub-morris-plains-morris-plains?osq=Restaurants,3.5,"$$American (Traditional), Burgers, Sports Bars",688 Speedwell Ave,"Morris Plains, NJ 07950",
Eagle Mini Diner,https://www.yelp.com/biz/eagle-mini-diner-netcong?osq=Restaurants,4.5,"Desserts, Breakfast & Brunch, Soup",134 Ledgewood Ave,"Netcong, NJ 07857",eagledinernj.com
La Gratella,https://www.yelp.com/biz/la-gratella-ledgewood?osq=Restaurants,3.5,$$Italian,450 Rt 10 W,"Ledgewood, NJ 07852",lagratellapizza.com
Caffe Delhi,https://www.yelp.com/biz/caffe-delhi-denville?osq=Restaurants,4,$$Indian,276 E Main St,"Denville, NJ 07834",
Sheimer’s Deli,https://www.yelp.com/biz/sheimers-deli-denville?osq=Restaurants,4,"Sandwiches, Salad, Breakfast & Brunch",3110 Rte 10,"Denville, NJ 07834",sheimers.com
China King,https://www.yelp.com/biz/china-king-kenvil?osq=Restaurants,3.5,$$Chinese,760 US Hwy 46,"Kenvil, NJ 07847",chinakingnj.com
La Casa De Pollo,https://www.yelp.com/biz/la-casa-de-pollo-morristown?osq=Restaurants,4.5,$$Latin American,104 Speedwell Ave,"Morristown, NJ 07960",
Los Criollos,https://www.yelp.com/biz/los-criollos-wharton?osq=Restaurants,3.5,$$Latin American,5 S Main St,"Wharton, NJ 07885",
Bryans Luncheonette,https://www.yelp.com/biz/bryans-luncheonette-succasunna?osq=Restaurants,4.5,"$Breakfast & Brunch, Coffee & Tea, Sandwiches",42 Main St,"Succasunna, NJ 07876",bryansluncheonette.com
Rockbottom Morris Patio & Grill,https://www.yelp.com/biz/rockbottom-morris-patio-and-grill-morristown?osq=Restaurants,3.5,"Burgers, Pizza, Sandwiches",4 John St,"Morristown, NJ 07960",rockbottomgrill.com
Tiny’s Tavern,https://www.yelp.com/biz/tinys-tavern-lake-hopatcong?osq=Restaurants,4,"Pubs, Mexican",110 Brady Rd,"Lake Hopatcong, NJ 07849",
M & S Pizza II,https://www.yelp.com/biz/m-and-s-pizza-ii-rockaway-township?osq=Restaurants,4,$Pizza,424 US Hwy 46 W,"Rockaway Township, NJ 07866",
Royal Halal Chicken And Biscuit,https://www.yelp.com/biz/royal-halal-chicken-and-biscuit-dover?osq=Restaurants,4,"$Chicken Wings, Sandwiches, Fast Food",330 S Salem St,"Dover, NJ 07801",
Fire Roasted Chicken & Grill,https://www.yelp.com/biz/fire-roasted-chicken-and-grill-cedar-knolls?osq=Restaurants,4,"$$American (Traditional), Barbeque, Burgers",86 Ridgedale Ave,"Cedar Knolls, NJ 07927",fireroastedchickenandgrill.com
Big D’s Hot Dogs,https://www.yelp.com/biz/big-ds-hot-dogs-dover?osq=Restaurants,5,"$Food Trucks, American (Traditional), Hot Dogs",Dover Train Station,"Dover, NJ 07801",
Luigis Pizza,https://www.yelp.com/biz/luigis-pizza-succasunna?osq=Restaurants,4,$Pizza,275 State Rt 10 E,"Succasunna, NJ 07876",
Naranja Juice Bar,https://www.yelp.com/biz/naranja-juice-bar-dover?osq=Restaurants,5,"$Juice Bars & Smoothies, Soup, Sandwiches",6B S Warren St,"Dover, NJ 07801",
Clean Juice,https://www.yelp.com/biz/clean-juice-morristown?osq=Restaurants,4.5,"Juice Bars & Smoothies, Acai Bowls, Wraps",68 South St,"Morristown, NJ 07960",cleanjuice.com/locations/morri…
China City Restaurant,https://www.yelp.com/biz/china-city-restaurant-randolph?osq=Restaurants,3,$Chinese,148 Center Grove Rd,"Randolph, NJ 07869",chinacityrandolphnj.com
